RowNumber,CustomerId,Surname,CreditScore,Geography,Gender,Age,Tenure,Balance,NumOfProducts,HasCrCard,IsActiveMember,EstimatedSalary,Exited
663053,7fc802c8-fee1-400c-ae25-a0a0da8f6ce5,Jones,489,France,Female,92,10,234145.96,4,1,1,141161.56,1
535643,5b49d868-f4fa-40b1-9a66-890473418281,Meyer,482,Spain,Male,33,4,224337.55,1,0,1,127231.39,0
774205,0ec4c787-0435-4b78-85b4-9d289962bc3a,Sanders,798,Spain,Male,69,7,138477.1,3,0,0,105246.61,0
367982,a0dda807-e5be-4c62-a152-ca194ffae379,Roberson,300,France,Male,84,1,138299.73,3,0,0,23682.61,0
263154,b4e756da-2d2e-44c2-bf63-d004b196e297,Johnson,573,Germany,Male,46,10,181876.58,3,0,0,164807.01,1
988191,fc3e7861-c1c0-4343-82f4-ab9919e39542,Benitez,400,France,Female,89,1,139909.83,2,1,0,140332.45,0
730459,977ba146-dc1a-4bb2-996a-38a18a3a59b7,Friedman,731,Germany,Male,58,7,84030.6,1,1,0,172699.12,1
566729,c33693d1-1174-4ebb-b3db-e01b3d4a5bbf,Vaughn,840,Germany,Female,55,10,3644.99,4,0,0,181148.3,0
208503,50dff1e9-e659-4ca5-996a-8b1f42f28f0c,Pope,861,Germany,Male,19,8,3457.24,2,1,1,199024.89,1
424218,f8c12072-679a-440c-9c5e-d58fb04a6c1a,Lutz,694,Spain,Female,58,2,33274.2,1,1,0,159552.5,0
892519,5bed2990-8b4b-48a7-ab95-c1718b0110f8,Ochoa,463,France,Male,80,2,96783.72,3,1,1,33859.91,1
163621,00f3812a-6fa5-4db9-8741-5cda29561ee1,Massey,834,Germany,Female,67,10,166036.17,2,1,0,126042.79,1
257684,9e05b0eb-d917-41c8-95ec-a691775d8454,Sims,538,Spain,Male,58,1,125911.41,2,0,0,91667.33,1
940072,77f9b70c-449a-4e31-9928-9d3a1118c9fa,Burns,468,Germany,Male,28,9,39283.82,3,0,0,72725.9,1
587619,770fd239-561d-4363-967a-e5c07ca57316,Smith,556,Spain,Female,49,3,199347.1,1,0,0,51626.62,1
494651,620aa7bc-6676-4f60-abca-a80ba6ad954b,Haas,452,Spain,Female,56,9,159698.46,1,1,0,155281.29,0
282141,b7affbe2-6197-4484-a6b6-dc94b1a9a4de,Kelley,669,Spain,Male,84,7,150465.19,4,1,1,150615.96,0
196453,7e806343-d05b-4da5-b97a-973e39b4bfef,Avila,898,Spain,Male,69,3,161560.44,3,1,0,115832.44,1
66025,a7d548ad-af24-458f-8bbb-afbeb2e2696b,Wood,439,France,Female,82,0,34733.65,2,1,0,63843.61,1
855395,6ba38aa9-5fae-43d3-a5c2-fdf2406128be,Gomez,455,France,Male,83,3,64811.93,1,0,0,180982.79,1
682278,407aa961-9db4-4fca-9fd8-8514403b5b8c,Leblanc,506,Germany,Male,85,7,193609.43,1,1,1,97699.99,0
399643,74fcb79e-9cf6-4a9f-b5a7-2512ccdc95de,Fernandez,332,Germany,Male,59,5,250670.09,4,1,0,117373.11,1
269445,891352f7-b913-4181-93bb-6ec9dbe9be25,Parsons,631,Spain,Male,22,0,57375.47,2,1,1,118434.95,0
741808,84a51435-e47e-4c54-9423-3740062d96f3,Vang,558,France,Female,38,5,195788.45,4,1,1,178097.51,0
376377,83695aa4-a6af-42c3-987a-3779cf2feac7,Jones,891,France,Male,54,5,58226.32,2,0,0,63414.63,1
315197,599aa477-535a-45bd-91bc-3fd1420fcdc7,Salazar,347,France,Female,95,2,95.92,1,0,1,180673.02,1
389160,901163ad-b5bb-42c7-abd8-7ef8c786606a,Cox,314,France,Male,86,10,130045.22,1,1,1,119739.19,1
421034,b72f1a6e-d8f3-4bbd-928a-d1c66f1a8d2e,Brown,418,Spain,Female,37,1,63938.69,4,1,0,624.89,1
973846,4c6d01a7-5e84-4a48-9ce0-6ff60ca9ef82,Wright,725,France,Male,47,10,256025.07,3,0,1,120975.18,0
978429,1da5b60a-db53-456a-aec9-79804edb574a,Charles,786,France,Male,54,3,44382.11,4,1,1,63692.53,0
829868,41515f2c-df37-45d9-81e0-fc84f942945a,Gonzalez,355,France,Male,49,4,115765.71,4,0,0,15101.37,1
984362,64c02fca-e21e-4b77-8ac9-73058825274c,York,480,France,Female,56,10,230907.32,2,0,1,71155.92,1
183414,b2c7eb5c-0c34-47da-a91a-bb5bca6b507b,Porter,887,France,Male,65,3,81986.2,4,0,1,167981.49,0
123016,08124fa9-2df0-46b6-a7b4-1ebba0afcb16,Fisher,821,France,Female,90,10,176062.44,3,0,1,146533.18,1
376847,b896eb56-899b-490c-b2c6-6b519ceac12e,Mckenzie,317,Spain,Female,18,5,222373.85,2,0,1,72287.7,1
363379,845945c8-fde0-4db1-b2ec-bb59ff915ae5,Acosta,818,France,Female,81,6,39307.28,1,0,1,42684.5,0
648953,f24546e7-fe9c-42e5-a418-20686cb56e8b,Evans,709,France,Male,95,1,196861.33,3,0,0,147219.95,1
586258,63cb9122-c28e-466e-84f1-ed3d4be6199a,Richmond,388,France,Male,51,6,175566.16,1,0,0,92928.07,1
124921,e47957a9-8369-4674-91c7-6b26e00d13b3,Reed,472,Germany,Female,26,1,74264.69,4,1,1,72104.16,1
286176,cde537ae-0559-4d3e-a8a8-c23fd2522407,Norton,362,Germany,Male,64,10,200402.37,3,0,1,153832.05,0
804410,10b06a3b-f492-43d3-9f70-1c23a4d86e78,Baker,500,France,Female,34,7,134230.8,1,0,1,42467.39,1
407884,eff2d027-cc35-4ab5-bc48-4fd01661daeb,Davis,355,France,Female,69,10,65727.64,1,0,1,109156.31,0
76688,a6d4d82e-1b9f-408f-8d78-c18df6a98bc9,Ellison,695,Germany,Male,90,3,150106.4,1,0,1,81842.97,0
25371,6b817e86-b1a5-460c-9b72-d3ec8d9cfbdd,Oconnell,694,Spain,Female,75,9,99648.12,3,1,0,163992.91,1
752979,ad775302-05c7-4518-8fa5-abb92d07b71f,Blackwell,574,Spain,Male,22,0,56824.26,4,0,0,30874.34,0
789705,2c0e34ef-f445-47bd-8943-75a525faacba,Bryant,816,France,Female,24,8,147611.99,1,0,0,198192.85,0
133704,f79bade5-200f-4407-9987-31615582de02,Parker,479,Spain,Female,70,4,944.1,3,0,1,76452.85,0
928633,714f3022-49b1-4b40-878c-588e3648823d,Saunders,858,France,Female,22,4,77763.24,4,0,0,104110.81,0
20277,67e3ba3e-b626-4974-8307-6664f63d9c5a,Rodgers,633,Germany,Female,38,5,41186.07,1,1,1,165905.45,1
694769,abc57af4-786e-4eb6-af37-c5ed2b53ab14,Mann,365,Germany,Female,95,10,136271.99,3,1,0,189289.87,0
210981,e3169977-04da-4ab8-b98d-ed16be4f167d,Banks,540,Germany,Male,39,5,219258.83,3,1,0,21136.24,0
507276,254172fa-aa8b-4092-ae5f-62b40105383d,Conrad,341,Spain,Female,84,2,48540.0,4,1,0,80692.51,0
416537,d9a41d68-0ed9-4874-bc5d-dcaab83ae768,Norris,661,Germany,Male,92,8,94918.95,2,1,0,185389.12,1
723271,c1cb9531-0c09-41e8-9fe7-e350cedbedc1,Fox,519,Spain,Male,77,3,186989.74,1,1,0,193476.89,1
902393,d54e81ba-db32-46d0-bb3f-efdfdb10bcf4,Shah,812,Germany,Male,31,5,132768.55,3,1,0,144335.89,0
873531,dbf96516-b5b0-43d2-ab27-2b485bb1d745,Bell,348,Germany,Male,81,2,98530.55,4,1,1,74289.62,0
50358,2d856f16-5d97-4bd8-b422-7fa2132bb1fc,Simmons,512,Spain,Male,55,6,52650.46,3,1,0,157038.5,1
106890,efcadf67-2cfa-404c-a41f-49ecf4ab8fac,Austin,775,Spain,Male,47,8,237475.95,2,1,0,43859.48,0
364061,04d2795f-d8f1-4679-9d5f-ad1a1b2086dc,Johnson,503,Germany,Female,42,9,231296.55,2,1,1,74262.04,1
263768,f2c2a8ad-314f-4abe-8b37-8c3c9dd5e6ac,Wilson,794,Germany,Male,20,4,237824.97,2,1,0,51533.34,1
733026,07ed45ca-60ae-4337-95c7-42caa5e29d47,Watson,316,France,Female,68,0,146629.22,3,0,1,81862.41,1
200393,396c40eb-9789-41c1-981a-ae6902dfa64b,Williams,487,Spain,Male,53,4,53882.86,1,1,1,198164.79,1
491174,b6dd2349-53fa-4ad5-a30a-46ca65705e26,Serrano,775,France,Female,47,2,229474.18,1,0,0,104335.7,1
832281,6d631599-f672-457a-a533-da176387d688,Moore,887,France,Male,35,3,209432.01,3,1,0,133802.35,0
22394,46ea5598-f676-4ccf-aac4-3a3cd64f418c,Holmes,343,France,Male,52,3,184571.97,4,1,0,132246.59,0
300960,a2754682-f698-4286-b927-fc53c847b8ed,Fischer,567,Spain,Male,36,10,40926.02,3,0,0,12832.95,1
243687,56aa1a22-df0d-4714-84bf-d83a2e463d25,Pace,565,Germany,Male,40,0,231717.8,1,1,1,112720.26,0
767718,a85ddca7-b35d-4895-b028-5b84944a1f70,Murphy,451,Germany,Male,92,4,4388.63,3,1,1,24157.62,0
723573,9aa8ec65-4ce8-43c1-9645-df2c8aca17d1,Wallace,503,France,Female,53,7,255457.52,1,0,1,83236.24,0
81100,8f2fe763-ff4c-41c0-bb0f-fbd81e34a8b6,Jackson,809,Spain,Female,41,3,188701.69,1,0,1,114401.99,0
616621,2a591e13-357e-475e-a6e7-71c25d853002,Alvarado,600,Spain,Female,92,4,217515.59,4,0,1,53658.9,0
742176,0e257592-53d1-440b-bbda-b0e20affa74b,Lin,313,Spain,Male,95,3,89783.33,4,1,1,130766.28,1
46417,e2fb2b32-3f94-407d-abaa-c980dae70e22,Jackson,432,Germany,Male,22,10,27549.63,1,0,0,161104.58,0
270086,83f44757-5217-405b-998f-4f8ecd497150,Hinton,890,France,Female,43,1,236128.41,3,0,0,199045.98,0
269452,00dd48fd-f513-4829-bcf4-1a06309716b1,Nash,893,Germany,Female,63,2,63280.23,2,0,1,38958.11,1
426692,64703058-d9c6-4990-950c-d155def1b8db,Davis,628,Germany,Female,68,4,209382.23,1,1,0,11824.34,0
322398,563bd428-60c4-41c3-b666-c6871e13e531,Butler,445,Spain,Female,72,9,122187.75,1,1,0,143975.54,1
631470,a9c8289b-3296-4c23-9b6c-1c478dff7acc,Jackson,872,Spain,Female,82,6,150778.14,4,1,1,82181.85,1
923540,2814182c-8cf8-450f-9227-51f27c37c4ea,Campos,635,Germany,Female,56,10,152053.3,1,1,0,21830.31,1
183014,d11d55e9-f189-4ef1-97cb-82ea5a6ff64f,Bradley,471,Spain,Female,45,2,140173.24,4,0,1,137472.89,1
395658,ecd6d040-e3ed-4174-bea0-fa3cd6520b23,Romero,697,Spain,Male,91,4,144976.52,2,0,0,126356.84,0
935374,c41c095f-231a-4390-a54e-98b227879704,Roach,643,Germany,Male,52,4,155917.58,2,1,1,45905.82,0
975884,13ec6b0b-7d05-4481-a86b-078b1ef0f175,Young,855,Germany,Female,68,1,100001.44,2,0,0,153860.27,1
393649,d6aff0e6-87f4-4227-ba7a-bf3f8b8eb42b,Thompson,788,Germany,Female,19,6,13780.98,3,0,0,107688.98,1
766570,0fc4ead0-2a71-4ef7-af9b-45d100d6b938,Davis,385,France,Male,29,7,158125.09,4,0,1,22890.84,1
417831,2e6e6c80-92c0-428e-955c-41a23a2b5801,Hernandez,628,Spain,Male,20,9,188676.75,4,0,0,71844.63,0
872813,b0cb8318-8a9c-4c44-b5a4-19db97197b07,Moore,772,France,Female,31,3,54708.52,3,0,0,188404.7,0
940251,d80fb8f2-dca5-4252-b1f7-d04176b757db,Peters,694,Spain,Female,95,6,191049.68,1,0,1,45194.8,0
571164,170c136d-26ba-4f97-8c4f-0e1106dac815,Hanson,677,Germany,Male,94,4,192494.18,4,0,0,112799.38,0
111378,63e2ad70-938c-4e8e-b624-92919a53bdb4,Pitts,688,Spain,Female,52,6,122077.75,4,0,1,178564.68,1
23688,061f89dc-0b96-46fb-beac-7329d20260be,Simmons,716,Germany,Female,66,6,105828.33,2,0,0,18223.32,1
718342,459e6f43-75a7-4d7f-a5a2-73b6369a8c45,Frost,672,France,Male,62,1,94657.96,2,0,0,195754.52,0
679493,02b8c8b1-f557-4582-9b1f-ef39f506ec24,Rocha,705,France,Male,89,3,181890.73,3,0,1,40963.68,0
999307,341da72d-19be-4597-bf14-2a0bdd428daf,Perkins,610,Germany,Male,93,3,127406.04,2,0,1,10549.31,1
375498,a185b3e5-228a-42a3-b10e-f947af3242dc,Hernandez,594,Germany,Male,29,5,138955.25,4,1,0,43140.59,1
310116,7b9b1c28-27c8-42c2-8d2c-6502e6bacb32,Lewis,529,Germany,Female,95,6,157721.01,3,0,0,69119.6,1
408945,e5cbe59d-ae05-4fb9-919a-3147b4ec93d4,Thomas,623,Germany,Male,63,2,220777.5,4,0,1,66364.77,0
922063,17b2bf08-d891-4384-8db6-11373a990e88,Flynn,528,Spain,Male,20,7,220289.15,1,0,0,56151.85,0
824152,e9863b31-02b2-4ec0-9c78-d1e6ba960672,Baker,883,France,Female,26,5,70595.91,4,0,1,15787.5,1
634851,89337f67-70a1-42d9-8010-d251c5ccdb88,Morgan,839,France,Female,46,6,150386.33,1,1,0,140303.04,0
922043,f90e2164-caa6-4181-a65f-6881aa1c8c88,Dunn,868,Spain,Female,69,5,28217.16,4,1,1,85410.35,1
794069,8073f2e0-6433-49fb-9f40-4fc7411af74b,Watts,530,Germany,Male,48,5,6868.79,1,1,0,18682.22,1
119146,b78a8bec-9fc1-4cd1-a25f-9fd579bce935,Vaughan,477,France,Female,42,1,118748.9,1,1,1,170073.68,1
692844,cc7fa839-c69d-4ae2-b678-3f73265a501a,Thomas,616,France,Female,45,1,56005.19,3,0,0,134813.11,1
569917,12618cc5-321a-4ec3-9bba-6c87e2cfd1f4,May,756,France,Male,21,2,52492.14,1,1,1,83426.83,1
315879,e704d9d2-57af-4b6b-b416-a5093a32eba1,Jackson,613,Germany,Female,79,9,3701.55,2,0,0,138799.55,1
760035,2d42bea5-8e09-4022-96e0-11169245fd55,Bernard,617,France,Male,65,3,145697.56,2,0,0,177409.63,1
114022,265ccf7b-ed16-4e22-b7c1-225e7ca1f3ef,Fisher,822,Germany,Male,68,1,23452.31,2,1,1,150996.26,0
804678,06fc87e9-29b9-4adb-af2e-e619316ffe7d,Reyes,307,Germany,Male,53,5,183361.03,3,0,0,100104.88,0
461320,62707b5c-3cec-44f5-814b-58848d9b380e,Stewart,588,France,Male,81,7,204880.86,1,0,0,157255.56,1
434391,f51d68a6-d415-4aac-9ab2-a52b853d5751,Graham,687,Germany,Male,93,6,149997.36,3,0,1,101294.21,0
824662,86770c92-1723-4f07-a7f2-8d404d7ca77d,Johnson,759,Spain,Female,52,9,113291.39,4,0,0,69492.28,0
311274,c9b227d9-6720-42ab-b591-6ceb94fa5844,Flores,388,Germany,Male,65,6,27288.86,3,1,1,70924.5,1
826856,8cf633ca-b0eb-49f8-a270-184a64c7124e,Johnson,320,Germany,Male,86,5,137225.92,2,1,1,137554.53,0
737642,3997cdfc-ca6a-4e0b-beda-86bc90caaead,Woods,425,Spain,Female,63,4,28268.5,4,0,1,128957.92,1
809472,84cd8017-3e5b-4a77-b80a-7c0697255f8b,Cole,668,Germany,Male,72,3,11620.32,2,1,1,55994.95,1
116836,7d2c9201-4f1e-4dac-8acb-ac9d0d7f6128,Murphy,841,Spain,Male,75,2,89091.29,1,1,0,86090.02,0
406282,21a1e898-38fb-48f7-bdf5-555e4768a114,Roberts,787,Spain,Female,48,8,124501.66,2,0,0,116895.28,0
543443,33982580-4faf-4f5c-921e-83fd87b9aa59,Valentine,629,Germany,Male,36,2,157025.63,2,0,1,34932.44,1
805122,7f992cd6-fb76-46ec-86fe-8672122a74c2,Rodriguez,386,Spain,Female,46,0,39604.16,2,1,1,139695.27,1
62476,f3fe6fd0-f8d4-49b5-8bd8-ad91e15481ab,Smith,458,France,Male,69,9,229932.37,1,0,0,131105.81,0
233078,69ed3e59-11c4-45ad-b2e6-08c878308ceb,Jones,550,Spain,Male,56,7,54514.87,1,1,0,132697.43,1
614588,5769c264-1107-4e0c-85b2-b2b6ace4f19e,Nelson,693,Germany,Male,55,10,63600.4,3,0,0,56900.18,1
722138,540c26ee-acfe-43fe-ac63-038593ea8ef6,Walker,498,Spain,Male,21,5,82478.03,1,0,0,38813.07,1
759151,61fed0a6-0c34-4c95-871b-67687f5f7158,Savage,693,Germany,Male,33,5,55713.88,2,0,1,146638.02,1
525826,9fd80b00-6ba1-4499-87f1-4d9b0af078e5,Kramer,502,Germany,Female,46,9,59387.35,3,0,1,115860.39,1
179101,e13e002f-24f0-4ec0-ab3f-1f80b8198d25,Gonzales,804,France,Male,20,7,62443.42,4,0,1,141954.69,1
751771,82633155-5773-4209-85b7-2d594ce8d3aa,Harding,345,Germany,Male,52,10,205262.56,1,0,0,3797.53,1
952908,0b025c5f-60d4-4000-8d86-e5c333d951c9,Anderson,535,Germany,Male,30,2,63291.03,1,0,0,151467.02,0
423279,fdc6d95a-5d60-4626-ac85-52fdca6ffe23,Arellano,551,Germany,Male,57,4,212655.72,3,0,0,102859.33,0
971641,510a6c47-a8c1-4f4b-91ff-e87f12a3c9d2,Robinson,386,France,Female,38,7,149753.75,4,1,0,120119.64,1
456989,719980d0-5c3f-45d0-80fe-4f3d0c9e8466,Benson,828,Spain,Male,31,1,837.41,4,1,1,82835.26,0
584896,f723179d-0e66-4071-bad4-f99c1b2b4c6e,Smith,325,France,Female,65,2,101490.27,4,1,1,142028.86,1
470998,cb286680-4237-4d2a-a3d4-f8d3cdd04cbd,Mcbride,798,Spain,Male,62,6,79408.53,1,1,1,79833.65,0
17868,c97a906a-96b9-46f0-b2c1-624cd0fb2c29,Taylor,430,Germany,Female,38,6,142863.22,4,1,0,141518.19,1
545347,843339eb-951e-4ad3-8bc1-4dcd5a3426a7,Kennedy,464,Germany,Male,36,5,142789.47,3,0,0,35947.26,1
485035,f8dfe480-3dae-4c65-b03b-ed1a9593088e,Mullins,435,Spain,Female,52,9,48210.9,4,0,0,3443.43,1
636926,021a7cfc-75eb-43dd-9689-d60020f8aa1c,Lane,474,Spain,Male,61,8,215579.97,2,0,0,129868.24,0
877547,d32e9941-8a46-4f3e-9d98-35cf5aa33911,Melton,374,Spain,Male,48,1,40041.03,4,1,1,95004.92,1
181017,de3be9ec-ad7d-4c25-91da-aa1c69c3d8b0,Cox,894,Spain,Female,65,2,92149.49,2,0,1,158342.2,0
912184,059764bd-5113-4942-b609-1733f45b6364,Smith,780,Spain,Male,59,8,208771.6,1,0,1,11302.62,0
170776,ea61c784-ccd2-4ba5-8b23-d5cd16a8bc2a,Wong,808,Germany,Male,94,4,244504.74,3,1,0,117036.19,0
67565,3f6fa9c8-e466-4281-9d7f-45c324348a44,Cox,310,France,Male,94,10,26224.49,3,1,1,164294.42,1
287745,a66860c4-091d-4b75-81eb-69b40a43986a,Butler,589,Spain,Male,44,0,126778.08,4,0,0,191529.79,0
646025,544d2e78-fc55-48ff-b936-a1d8569baf37,Mercado,449,France,Female,73,1,254988.86,1,0,0,184262.42,1
228603,ca010613-02a3-4045-8048-148fe07f5129,Andrade,458,Germany,Female,53,4,32953.9,3,0,0,164092.89,1
77589,7591d159-c721-4d89-8f98-bfc22ae4ad4a,Harris,468,Germany,Female,86,1,167742.2,2,1,0,180166.47,0
785091,50c3ac72-8c56-4395-ac51-ae717db168fb,Webb,650,Germany,Female,95,3,34009.28,4,1,0,89396.54,0
26253,c8a9cb45-6b22-4f40-8347-239c37b734dd,Lee,759,France,Female,36,6,213614.78,1,0,1,107778.49,1
958860,61ecef11-0e69-4336-b654-6c924e394391,Simon,593,Germany,Female,88,3,3708.23,3,0,1,154957.34,1
548219,63b1333e-38b1-4e78-a7a5-685b8dea03f1,White,650,France,Female,87,5,186980.72,1,0,1,169472.04,0
874145,6f242fb2-46dd-43f3-a514-dd4a4e96b506,Perez,885,Spain,Male,23,8,198789.7,3,0,1,134684.48,1
42111,13078475-c0bc-42f2-ae22-c6335c5091fd,Snyder,666,Germany,Male,49,1,111883.98,2,1,0,99336.62,0
871474,f97823af-10ef-488e-8a38-f4bd78954d1d,Shepherd,618,France,Female,50,7,119655.83,3,0,0,172161.77,0
631694,d00edbb4-f32b-4c27-9889-3166c0ab8909,Jenkins,707,Spain,Male,50,10,199518.7,4,0,1,101772.28,0
967532,49aedec2-36bd-4887-a421-c9e8fc9b8ced,Ruiz,757,France,Male,64,8,228835.62,1,1,0,175935.24,1
551554,53692034-afe4-4d11-b935-3a1c3b575b3c,Foley,817,Germany,Female,94,7,89289.35,1,0,1,52825.94,1
174766,7dd0872f-eab7-4d3f-9282-77ebfcf70f86,Delacruz,732,Spain,Male,49,1,8332.25,2,0,1,12797.35,0
351064,93fdf11a-3e64-423b-ac10-3fd796b82ce3,Garcia,541,Spain,Male,76,9,94547.62,3,1,0,57309.14,0
330146,49b30852-725f-4aea-9970-9fdb9e71f33d,Tran,598,Spain,Male,79,0,79077.36,2,1,1,193987.02,1
383713,23196b5b-3ed9-4515-96e3-a64326be03a1,Mcgee,582,Spain,Male,33,6,229592.09,1,1,0,94741.85,0
464652,b66b2a54-6cf3-43fd-9197-204aa55d1b56,Wright,380,Spain,Male,70,2,244013.37,3,0,1,120288.97,0
407171,4d3ae014-3860-4a7a-bc8b-a3da3cbfb5ed,Ayala,787,Germany,Female,69,4,63526.39,2,0,1,146335.67,1
159340,ea96dba2-f8f6-41e3-a74d-330904be38e2,Potts,713,Germany,Male,44,1,122692.37,2,0,0,114142.1,1
994648,0ab12b90-5f9f-42e4-b011-dcb6743d07bc,Hubbard,758,Germany,Male,93,1,65919.76,2,0,1,142593.75,1
957082,7f8b6b43-bdff-415b-b896-160bdf70047c,Martinez,458,Spain,Male,72,0,185797.65,1,1,1,65922.32,1
874643,1b9c9383-0a7f-4ada-b7bc-d329dcd2a19e,Stevens,418,Germany,Female,48,0,119702.03,3,1,0,17400.62,0
301658,dd1bcd8d-9b76-4990-8e99-7a7513030ca7,Hart,416,France,Male,87,4,229205.81,3,0,1,145110.13,0
80044,970fef05-e2f4-410e-8430-51b8d2aa3282,Miller,364,Spain,Female,63,4,249125.64,2,0,0,139619.15,0
179426,264d8af1-9908-42bf-85b0-f63910e8ff36,Jackson,451,Spain,Female,83,3,175377.46,1,1,1,42590.25,1
961542,2dd8b72a-45a0-462f-ab0d-6cc893cd0679,Miller,754,Germany,Female,48,5,212148.23,3,1,1,143140.03,1
947581,7057edcb-7ceb-4aa2-bb8c-710ae2626ba0,Reed,633,France,Male,95,4,20177.97,2,1,1,148677.06,0
172620,e9ac99b6-86fd-4b25-9fcc-175afea29b3a,Allen,825,Germany,Male,89,5,201080.7,3,0,0,22622.8,1
242534,c70bab23-bd3b-46e6-96bc-7443a1c4c51d,Jones,759,France,Female,50,9,249403.99,2,0,0,137631.74,0
107162,4920f9cd-d8dc-4356-8976-abcac1609374,Scott,398,France,Male,41,5,117558.29,3,1,1,82594.89,0
49985,c6916b7b-817d-447e-818a-8f88a85ddd08,Robinson,549,Spain,Male,82,9,257331.75,1,0,1,42252.35,0
211789,f23f10c8-37b2-42a9-ac6e-a01d45667a85,Collins,587,France,Male,91,9,154341.81,4,0,0,143412.56,0
24918,8b32629d-5098-4d7a-a9f3-250103020295,Brock,352,Spain,Male,72,1,124690.11,4,1,0,23651.79,1
601203,00141d2f-cc41-4667-82d4-226263be198e,Johnson,614,France,Male,89,3,26320.58,3,0,0,11930.13,1
53571,d99acda3-ac62-49f4-8810-590680687990,Turner,310,Spain,Male,26,3,31637.98,3,1,1,124392.69,0
867816,0689b48d-7a00-451d-bd36-319d9f029fb2,Rowe,730,France,Female,47,9,161301.91,2,1,1,168745.1,1
460447,4e82cfa6-2a70-4593-b402-8cca56b60f0d,Dean,808,Spain,Female,81,3,129538.26,4,1,0,14487.64,1
287076,02997aea-f521-4fd3-ae50-c687429cb430,Gibbs,531,Spain,Female,22,3,156547.41,1,1,1,120045.63,1
314098,73102918-e8ca-4f6f-9432-edfa13ba4671,Hammond,412,France,Female,27,3,41974.57,2,0,1,2190.57,1
904922,d38aaf75-2f1d-4e86-9aec-976079265502,Williams,308,France,Male,70,0,135809.53,4,0,1,91381.86,1
574351,921fbcec-da7f-49f8-8ebc-5028d0858790,Rollins,475,Spain,Female,66,5,104595.75,2,1,1,103732.5,0
755871,88513635-a048-4f10-9583-a14320e87334,Dominguez,430,France,Female,68,8,240328.15,2,0,1,145612.73,0
678046,62a06dc1-ec89-473b-94cd-ebad32a535d6,Steele,818,Spain,Male,76,10,256672.71,2,1,1,48141.16,1
602841,0639a58b-b478-45f8-a707-924a8f6f4a4c,Valdez,826,Spain,Female,76,4,212972.17,3,1,1,127362.09,1
629519,a7781c80-0a63-4d67-9e64-87b898a21476,Hatfield,802,Germany,Female,18,3,229019.47,2,0,0,187412.68,1
525252,26b418d7-dc94-4edc-a40f-6d013df7898e,Frye,848,Spain,Male,34,0,223181.67,2,1,1,161991.38,1
292391,ee49f448-f861-46c2-a095-0f85484ccee7,Munoz,890,Spain,Female,41,4,106905.33,2,0,0,44637.1,1
708657,cfc594f1-7682-47d6-867a-902079c12072,George,567,France,Female,90,4,147178.77,1,0,1,13481.75,0
477217,8953df96-68fe-4f7a-ba92-c415846d69e4,Flores,530,Spain,Female,69,4,3591.81,2,0,1,104433.91,0
108796,dee221ec-412b-47e1-b187-2a60397c3171,Schultz,541,France,Female,87,6,213615.8,4,0,0,64055.51,1
121677,739a2f3b-693a-4fea-a7cc-cb37e69bfc09,Booth,307,Spain,Female,58,6,221732.51,3,0,0,58494.23,1
804969,e6a91bbd-83b5-4590-a7a8-bf48e1527b6f,Payne,837,Germany,Male,62,2,70736.28,1,1,0,93070.17,0
978164,454b54ec-0dcf-48c1-bbfe-70896dad51ee,Knight,317,Spain,Male,72,9,61185.57,3,1,1,113741.11,1
854425,46760522-a1e3-47c0-bff5-db2b20c67104,Townsend,545,Germany,Male,70,7,65471.89,1,0,0,79770.0,1
989310,f2fa5727-bff3-4e43-9c02-2fed5f73543f,Kelly,872,Germany,Male,24,1,19702.0,2,1,0,28762.31,1
387935,9b7ecfae-1cb5-43ef-99eb-ff810871f95b,Ingram,896,France,Male,77,0,240706.49,2,0,0,133749.55,1
342482,e4a2052f-22cf-4499-9cd5-07d393ef04ae,Douglas,838,Germany,Male,89,6,185388.52,4,0,0,167818.65,0
621820,9e593006-6a2b-4ce9-8456-0c2a3fd2832d,Roberts,535,France,Female,93,5,230406.75,3,0,1,190512.34,1
281443,c8517aff-e6d4-4bc9-830e-64b2981d96ef,Farmer,604,France,Female,74,0,68236.37,2,1,0,99468.4,0
885185,a30d1b9d-8576-4b4a-a95a-6d28239ce496,Patterson,608,France,Female,28,3,43055.93,1,1,0,53692.13,0
46999,b64fad29-8251-4986-87fa-5ea19cee9705,Pope,313,Germany,Male,84,7,3927.83,4,1,1,101107.24,1
555311,41960096-ec04-4d64-a63b-ae813fe0bc62,Clark,505,Germany,Female,61,1,121449.73,3,0,0,61953.26,0
628433,cfaa59ac-b3e9-4954-a12f-6c0195840a33,Munoz,405,France,Female,19,6,260119.3,3,0,0,104363.91,1
120799,63663eb8-33bb-4b9c-a556-95b773f81eb9,Jimenez,476,France,Male,44,8,25282.86,1,1,1,70287.57,1
578597,fdd286c3-83c5-4dab-b305-94118d55d094,Perez,824,Germany,Male,69,10,109409.95,4,0,0,27131.96,0
486332,26fffabe-35a1-4506-b232-d1c12413b542,Johns,335,Spain,Female,30,7,7819.05,3,1,1,164390.0,1
634523,8b40860f-4021-4ae4-ba16-d8e445b0ab82,Morgan,692,France,Female,36,5,206223.51,2,1,0,130258.8,1
755172,938e7d6e-bd84-4fde-8174-995307234a97,Morris,770,Spain,Male,90,7,191890.47,4,0,1,36985.63,0
534351,f14ab495-5d59-40fc-8e54-05c34a52ef99,Carpenter,405,France,Male,93,6,249000.98,1,0,1,43985.39,0
854318,8105748c-67ff-4dee-bb03-5341573fcf90,Floyd,504,France,Male,24,6,163903.71,4,1,1,1966.37,1
112710,1e6d81ed-028e-40fa-a5bb-2e54a7f9cadd,Thomas,818,France,Female,50,10,186436.38,2,0,0,152747.04,0
524727,cd020f7f-28a4-4947-9ab3-ae7a97cb4218,Rivera,805,Germany,Male,57,5,152031.59,1,1,0,64304.67,1
240397,a333bfbd-01eb-43bf-8cc0-2a7f5821ffe0,Graham,508,Spain,Male,48,7,10124.41,4,1,1,124814.66,0
231389,0ed11c0f-1d65-4996-9d3f-c53a9cc82ce6,Miller,806,France,Male,66,6,47234.25,3,0,0,96675.66,0
758111,df82c936-e900-452a-b09c-fdf5e5f9be03,Martin,711,Germany,Male,27,9,37017.21,3,1,0,15024.8,1
644012,6e2ae401-0823-4c65-937a-c73cd638e3e6,Garcia,673,France,Female,49,4,108101.95,1,1,0,106588.61,0
282867,382ace66-23cc-4401-9e1c-a3bde3f10a3e,Williams,437,France,Female,72,4,174164.29,1,1,0,185218.86,0
118428,09a5ab66-70b6-4e0b-a970-dd5578e38450,Atkins,625,Germany,Male,62,2,179348.4,4,0,1,180912.04,0
590251,2101f3ef-e2fa-4691-93f6-5ea3779837ec,Rogers,440,Spain,Male,48,3,63467.23,1,1,1,196748.93,1
564910,81caebd6-708a-4523-adab-09c71645c56a,Brown,619,Germany,Male,76,7,205915.93,1,1,1,184826.58,0
336781,4bec0737-1387-4876-b42c-495cba7b94ec,Garcia,457,France,Female,68,9,210693.43,2,1,0,9954.63,0
797135,b63ababa-abee-4adc-b4dd-55fab8b9da23,Wright,813,Germany,Male,30,10,109633.57,2,0,1,12091.74,0
322900,dd29cba7-ade5-46ac-b7a8-8f1bfb062a8d,Hernandez,523,Spain,Female,93,8,82208.86,1,0,1,82529.25,0
186093,9de3e83c-7f0f-4b28-b2de-3bda86623eda,Mccormick,355,Germany,Female,49,6,167635.95,1,0,0,166531.17,1
846963,bf456582-1acc-4be0-b2da-0fe4d4b65852,Gray,519,France,Female,48,10,21154.6,1,0,0,33639.54,0
961124,1dc6f841-d403-461c-93cb-5b350dd3680a,Thompson,824,Germany,Female,47,8,75090.74,2,1,1,32608.85,0
969611,50e6ecaa-8d1c-420a-8225-16e78c03e120,Jones,897,Germany,Male,53,7,44269.18,2,0,1,32453.78,0
571490,f81757ad-8b29-4b54-bf29-d91353dae4fa,Davis,436,Germany,Female,34,2,256890.58,4,1,1,161896.88,1
281874,2f7637a2-082a-4ae7-a7bf-5fad7e5684cf,Gentry,814,Spain,Female,50,0,107068.27,3,1,1,81214.22,1
645896,637ff41a-3256-4035-bfa9-75b159d6760a,Cummings,506,Spain,Female,22,10,254160.37,2,1,0,82036.23,1
165347,0f2c90cd-dcc0-4c0d-af21-ffba1ca79948,Bird,661,Germany,Male,28,5,81277.45,1,0,0,40534.47,1
194450,c51e4b74-fdba-476b-a984-2342b8651b6f,Duke,502,Spain,Female,64,2,221273.32,1,0,0,68026.35,1
175451,75432f68-680f-481f-be23-41ce96e0279f,Wood,616,France,Female,42,5,79263.38,2,1,0,45151.04,1
676598,4043cf54-39bc-4fe8-9b5f-f3288c09ff61,Jenkins,673,Germany,Female,80,7,234689.96,3,0,1,17074.46,1
303884,69baa5f4-81e4-44fa-a17e-82cc20b9d138,Williams,412,France,Female,71,5,100223.82,1,0,1,118988.78,1
432924,ebea8fdf-9bfa-4a82-b4ca-66300a7d6d02,Bowen,495,France,Male,58,0,95565.4,1,1,0,173387.15,1
92113,4fb7a85d-bb26-4204-b549-e976e585db44,Becker,869,Germany,Female,24,2,245306.13,4,1,0,20010.55,0
455239,d4e87eaa-6b18-47f7-80ed-1ad109fc0c97,Smith,466,Spain,Female,73,6,12359.11,1,0,1,109446.66,0
793587,a392f985-2e7c-4788-97f0-ebce9c1ac4a6,Fisher,545,Germany,Female,56,4,99556.43,1,0,0,38282.93,1
372807,c36d4e35-6d39-4dd3-b04f-649838abf426,Myers,744,Spain,Female,56,9,247668.74,1,1,1,138114.23,0
876824,4adac05c-f224-4e62-9357-d8f57d25bac7,Johnson,574,France,Male,78,8,32935.66,3,0,0,173614.68,1
587457,8843e17e-f54e-408e-897d-2d387f4996ed,Richards,751,Germany,Female,77,8,144819.89,2,1,1,122573.63,0
500107,777fa244-5d79-4a9e-9635-8b8a2c9cf3b6,Mathews,463,Germany,Female,44,4,7337.75,4,1,0,118971.11,1
235050,94f98a3d-4696-4eec-8b4a-7dcce2e2a3f6,Knight,393,Germany,Male,73,3,186290.78,4,1,1,185475.55,0
297312,12e822b7-5f83-462c-a8ed-4a64e3342d94,Anderson,880,France,Male,37,10,259586.9,4,1,1,92671.69,0
85488,4b53a0fc-6aed-4414-acb9-656a6382f727,Gardner,453,Spain,Female,73,6,83955.8,3,0,0,28902.99,0
81486,56a39dcb-2caa-47a7-8411-999610ac5b8e,Hoffman,521,Germany,Male,44,9,174792.14,1,1,0,80866.02,0
628253,2d088d9f-b72e-4be1-87fc-b30e73e325e9,White,442,Spain,Female,40,3,258398.03,3,1,0,119875.81,1
477739,29263435-b7a9-4487-8bbb-075bb75fea90,Hall,396,Germany,Female,23,1,39394.78,4,0,1,66032.95,0
427371,f2c89f82-59b0-4706-a020-50c7c8909b07,Johnson,629,Spain,Female,37,8,24930.65,2,1,0,66651.97,0
470159,26c53fd6-5b21-4946-ae65-7cd0cf63260b,Sosa,564,France,Male,29,1,67568.04,4,1,1,154537.37,0
866926,9fcff470-87b9-43d7-9407-4af7eb20b49c,Lang,620,Germany,Female,62,1,150912.8,4,1,0,32257.08,1
174285,6ef3dad4-0167-4b19-bcac-4687151dfbe7,Vincent,306,France,Male,19,4,74481.04,1,1,0,173254.19,1
899273,0cbab5e1-79a1-4713-adf3-71ae782a5396,Rivera,340,Germany,Male,31,0,85749.74,3,0,0,142521.42,1
698846,c063af75-af1c-4823-ac7d-21f47be6ecd3,Alvarez,560,Germany,Male,94,1,68015.6,3,0,1,149065.73,0
773125,1f43817d-382d-4ff8-b0d9-e9523176db9d,Ramirez,318,Spain,Male,44,1,7484.64,1,0,1,154544.23,1
827062,5945658d-23eb-4bc0-9e72-239444df5a54,Young,748,Spain,Male,53,4,2867.1,2,1,0,53119.31,1
830425,85a73441-bc43-424c-9fcf-48983edff8bf,Powell,853,Spain,Female,45,7,250260.34,4,1,0,136952.09,0
149241,e8e2dccb-54c1-4ca0-84b3-2d9fb8b1b411,York,533,Spain,Male,89,7,107995.29,1,1,1,135585.09,0
744014,c6e3de6e-da27-41f4-b5f1-fb20182d8b1a,Gilmore,737,Spain,Female,43,8,152180.31,3,0,0,198716.82,0
3409,85cc007e-d7f6-4a31-b195-e1678335c89d,Smith,454,Spain,Male,18,8,155211.47,2,0,0,112629.82,1
17335,2db9fb40-6abe-438f-a046-c0dc4817d87b,Lin,661,Germany,Male,61,0,18531.03,2,0,0,184594.96,1
964370,0ee6d611-6d95-47d9-86bb-070f9b018130,Perez,687,Germany,Female,63,1,161390.01,1,1,0,135731.37,1
590137,1d3fd89b-3c71-4e96-b46e-2131e3e147d6,Morgan,830,Spain,Female,19,0,83105.06,3,0,0,103737.5,1
892693,7bacb3b4-ec19-4ea8-a87d-7421cc759564,Golden,456,Spain,Male,81,3,60513.0,4,1,1,3127.46,1
311257,9d72f080-1680-4fe8-8092-053bfaf2fa39,Villa,553,Spain,Female,67,0,177445.58,3,0,0,68444.14,1
480736,7c9fe3f9-9232-465e-ad52-763450111f74,Marshall,446,France,Male,39,5,162563.58,4,0,0,112280.18,1
860352,3342bea4-0cfd-495f-b01b-c383d8c223f2,Gray,626,Spain,Male,90,7,16209.6,3,0,0,89475.68,0
338960,f5be7c2b-643f-4722-8853-8f752c994d1c,Chapman,575,Spain,Male,45,5,194169.69,2,0,0,124430.03,0
224522,04684999-ef2d-4e7d-83e4-9efd788b9e3c,Jefferson,515,Germany,Male,73,5,80551.41,4,0,1,10318.01,0
633742,dbd8081d-528f-4de5-bea4-4a57442a1ed6,Armstrong,742,France,Female,61,3,95818.8,2,0,1,164603.31,0
468504,4eb1b41f-5c19-49e2-8238-5a340f613867,Holden,691,France,Male,69,8,126138.88,2,0,1,97495.27,1
370344,eac91723-bd2a-40ce-847a-4742500a0a0c,Cannon,651,France,Female,30,0,167225.0,1,1,0,127646.69,0
570640,56c7e779-4e5a-48d4-825b-2577eb9c3659,Dawson,321,Germany,Female,23,1,16765.15,1,0,1,89189.44,0
404766,abb5b680-431a-44c9-992f-e674201af22a,Henry,639,Germany,Male,28,10,176890.8,4,1,1,38938.37,1
916833,01ea7657-d6f4-4705-a9e8-e30ecc397815,Hall,715,Spain,Female,90,0,4680.67,3,1,0,182791.07,1
544163,2b5be931-fb7e-485a-912c-9df391d1d653,Ortega,875,Germany,Female,53,8,249109.54,3,1,0,123691.79,1
409889,20aa8ff7-ea8a-4f0e-a201-f0cbfe4c05ef,Marquez,869,Germany,Female,60,2,246510.44,1,1,0,59791.95,0
827220,38f36599-1b8b-48ce-bfde-ae655743e1e8,Harrington,566,France,Male,56,6,39122.15,2,0,0,69869.99,0
518387,f101c9ee-2d0c-4e17-b153-6260b74c91ef,Frazier,526,Germany,Male,80,9,198427.03,4,1,1,28816.75,1
250817,1a9a7db2-9c75-4e03-a600-aac5a6806480,Hamilton,806,France,Female,84,0,107700.9,3,0,0,144285.19,1
344381,179e8705-0c2e-46bd-a8ec-0d55af09f0fc,Anderson,881,France,Female,62,3,203286.95,1,1,0,32906.3,0
228696,49578489-679c-4137-904b-642330e301b4,Williams,559,France,Male,34,0,172480.63,3,0,1,174327.97,1
984827,ccf96325-003e-4598-93c1-87b9cd767348,Young,830,Spain,Male,23,1,246336.0,1,1,1,71433.48,0
910180,4316c064-ddfc-48fe-9d6a-56c8024e8f27,Gray,477,France,Female,82,3,238312.95,1,0,0,13596.49,1
787425,8033879a-d197-4369-942f-22f9d294aae9,Parker,474,France,Male,57,3,125661.29,2,0,1,52534.56,1
583589,1e102f7b-7bfc-482a-9ef8-f543f24fce5a,Pacheco,351,Spain,Female,30,0,193437.75,1,1,1,130248.29,0
673674,5bd06c92-8569-420c-8c06-27c0360e9cfd,Farrell,773,Germany,Female,69,3,179772.3,3,0,1,58327.98,1
342484,689e3a62-e9d9-47ae-af04-4fa8bf76961c,Lopez,603,Spain,Male,60,6,109718.12,1,1,1,111649.06,1
16834,3507e1ee-07a2-4aa5-92d2-0dd7d575a357,Kim,452,Germany,Female,41,2,189897.09,2,0,0,164224.98,1
391738,357f61c0-943c-4a99-aac3-1b8350c8be7f,Harris,463,France,Female,29,6,237973.29,3,0,0,37949.09,0
10375,4b6c1b80-4060-4980-89c3-fe02d2bdd4bd,Williams,739,France,Female,60,6,251623.78,1,0,0,140206.71,1
341521,acb78ba6-9ab7-475c-81d6-0d70a771257a,Houston,638,France,Female,74,5,259387.8,1,0,0,94081.21,0
838572,4498ab7f-1d9b-43d4-8058-1a0e8b213e1c,Coleman,326,Germany,Female,70,10,16313.24,3,1,0,77591.29,0
626909,a1913eba-1ff0-477d-83a6-c4809583c2f2,Kerr,448,Spain,Female,19,4,99172.5,1,1,0,100478.79,0
62915,8311c12b-7372-4e3d-85d6-a8cf26a4df73,Fox,624,France,Female,21,9,64215.87,4,1,0,9760.11,1
124951,40ef913a-9338-4c56-835d-ebcc9f88b3a6,Olson,331,Spain,Female,91,7,121481.01,3,1,0,132972.09,0
381586,b0a0e982-993d-4b59-a1de-687997e3c749,Morris,835,Germany,Male,83,7,260765.46,3,0,0,35591.92,0
150958,5be82dd0-76a4-4f76-a94e-20fd2e867272,Estrada,521,Spain,Female,59,7,93450.44,3,0,1,110101.24,1
748795,76d3cb5e-ca8f-4f9b-94b9-a4c951b3a8de,Hicks,512,France,Male,56,4,158196.88,2,0,1,14899.49,0
230655,5bba2e79-0d7a-4dfd-a52c-a9656fd25456,Tucker,842,Spain,Female,58,8,233235.5,4,0,1,125721.8,0
418285,19addf45-a6de-41d6-a7e2-5d15937df7d1,Tanner,563,France,Male,79,7,186532.26,3,0,0,37327.08,0
781272,c4511099-d4d1-473b-8230-43d51b43e049,Downs,507,Spain,Male,88,8,43798.65,2,1,0,179736.26,0
430453,c4efe771-b7ae-467c-a63b-6615312399f0,Rubio,646,Germany,Male,81,5,195371.34,4,1,1,137088.91,0
985031,0f76989c-e42e-4668-8b90-6a86ca50a7b2,Tucker,403,Spain,Female,18,3,222102.23,4,0,0,12775.34,1
385355,1bdf3526-63f6-4959-8889-076f3b699162,Patel,780,Spain,Female,40,7,135697.06,3,0,0,105375.05,1
786390,3e7c8535-63b4-4654-83ea-1b7a9643cc3f,Kelley,379,Spain,Male,47,3,53961.62,4,0,1,26248.91,0
196140,a8e773ca-dcfd-42d1-a52b-e0922975f5d1,Barnett,556,Germany,Female,87,5,173876.53,3,0,1,182737.99,1
178363,0b143645-b415-405b-b4cd-46e723f8e3d7,Collins,726,France,Female,36,1,138523.16,1,1,0,41157.11,0
170948,757f1774-e61e-4954-9f9b-09d0fb11125f,Huffman,492,Spain,Female,19,10,257087.81,4,1,1,196015.52,1
405394,c25e42ac-26e0-4501-8d57-55854f5065b3,Fitzgerald,701,France,Female,39,0,249520.8,3,0,1,139456.51,1
992004,1b42cce7-8e9b-4849-9d1a-05505369122d,Lewis,515,Spain,Female,71,7,204475.67,4,1,1,98024.52,0
822400,894e6b9b-6e45-4ddc-abfe-e2e9ae8b7e3a,Wyatt,574,France,Female,68,4,66956.76,1,1,1,100708.62,0
556698,970975b4-ae67-44fe-af97-af0dd8ab7205,Gonzalez,849,France,Male,58,1,91508.4,2,1,1,114289.67,1
200417,c6190658-798a-479d-a1fe-7ba8e9b0db85,Liu,429,Spain,Female,31,8,248467.12,1,1,1,65297.14,1
377176,926e3aa9-e4c6-41c3-9609-46c51a6e9979,Perkins,522,France,Male,71,5,157294.99,1,0,0,138188.65,1
205619,eb20b578-9a27-496b-b105-5489bf914a16,Edwards,420,Germany,Male,58,1,182656.12,3,1,0,52020.1,0
276344,76d0a71a-7698-43e1-be9b-b7dc3ad3e49a,Wilkins,427,Spain,Female,49,6,43848.47,4,0,0,150807.23,1
121857,a053d066-9b38-4496-8e4d-46283a4bd14c,Guzman,565,Spain,Male,30,1,259238.92,1,0,1,108360.71,0
457312,ea4c6717-08ac-43bc-a32f-24ec6db5e448,Cook,411,France,Male,37,4,20456.61,2,0,0,54825.38,1
273629,bf1d241a-b8ba-40e6-8ff9-cc2bfb656f90,Beasley,735,Spain,Male,87,8,176446.61,3,0,1,30827.49,0
394567,5a3dcb3c-a596-4c5e-9d80-e5bf1725eb75,Small,443,Germany,Male,41,6,224190.57,4,0,1,52576.1,0
4922,1dab35dc-b37e-49f2-bd75-c31d4d6af560,Harris,459,France,Female,59,1,243453.79,4,1,0,186790.86,0
699716,f967e4f8-b9df-495a-b1df-e302e5bf7261,Campbell,343,France,Male,21,5,14658.72,4,1,1,98755.11,1
704244,dd3ade9e-7e0d-4ee9-938d-6256ce71316d,Scott,489,Spain,Female,86,5,247486.64,2,1,0,75289.47,0
588123,702d0bea-6c9f-4fa1-8e01-022edc9ff6bb,Carr,348,Spain,Male,56,8,86059.69,3,0,1,153477.12,1
124246,86a253fb-e6d4-4f0c-8265-3d255440b517,Price,554,Spain,Female,69,1,159229.25,3,0,0,72209.09,0
378390,603c25bc-a1ab-40f7-aa9d-591969d2af59,Johnson,699,Germany,Male,64,0,259900.64,1,0,1,193806.55,0
360781,b08adb7c-07ce-4c7f-8243-ec4b526322b0,Krause,469,Spain,Male,48,5,63110.34,1,1,0,19251.33,1
679425,55007026-8cc6-4adc-ad64-7c5686783187,Rose,666,France,Female,82,8,98777.29,2,1,0,651.34,1
447927,7bfb90fa-ce43-4fb1-9b59-026c761a5ac9,Luna,650,France,Male,48,8,150310.1,1,0,1,6473.73,1
635491,f3ab387d-2a9a-4a2a-b42d-e8b9e8f703e1,Harrell,318,France,Male,38,6,67647.55,3,0,0,19712.26,0
610103,d03018d1-dc05-471d-941c-4804f566e2c1,Scott,537,Germany,Female,87,8,127195.79,3,1,1,61491.1,0
253454,aa1054f8-1e7d-43f6-bf32-b1a7305a0999,Mcdowell,793,France,Female,75,3,220450.64,4,1,0,14344.37,1
952604,de838173-4cc2-40f0-981b-d7fdb80b7ae7,Harris,503,France,Male,57,10,24844.43,3,1,0,13196.45,0
536755,d4517625-d368-4ac9-8a89-771adff93c6d,Weeks,753,Germany,Female,89,0,252392.3,1,0,0,156865.76,1
487573,1b3e019e-a622-49eb-8193-1f403df5e5ab,Roberts,389,Germany,Female,89,1,199717.67,1,0,1,49076.21,1
943891,c1291c1f-ddf0-466b-b44d-a3b8309d543f,Daniels,880,Germany,Female,51,9,132235.04,2,1,0,77937.36,0
95481,510ce18f-7b7f-4d37-8df0-e59e7dfa821b,Sanders,358,Spain,Male,47,1,179156.19,3,0,1,24815.49,1
163153,2045648d-296b-4cb9-8213-5f41098fc1e6,Orozco,883,Spain,Female,73,7,36028.51,4,0,0,22368.66,0
526259,ca507869-9952-46ec-be5e-28477fc8e6bd,Thornton,374,Germany,Male,82,2,16542.12,4,1,1,12882.75,0
864088,80cd5fe3-f247-4268-8a26-8d4da3b3fa0e,Hopkins,630,Germany,Male,18,2,248780.97,4,1,0,26497.22,1
972642,890cd004-6773-4ae9-a8d1-9d2c1310c287,Casey,767,Spain,Male,85,1,189391.2,4,0,0,103852.2,1
670940,bba262f1-f757-4849-b3fd-df9093e8ab7a,Scott,577,France,Male,28,1,174710.23,4,0,1,59312.71,0
654398,e6fa4d58-ad1f-44e9-9282-0098340e5593,Wilson,461,France,Male,19,0,240198.72,2,1,0,47371.3,0
127447,d64aebc3-68f0-4d84-b85b-27a9fb5c0136,Blackwell,839,France,Male,19,5,85340.88,3,1,0,103955.92,1
10391,7fdc091b-e841-4716-81f8-342abda1a090,Mendoza,374,Germany,Male,50,0,9731.45,3,1,0,12539.46,0
30185,364064f8-ec26-4ec4-9e35-2590eb78cf09,Moore,416,France,Male,38,3,235719.35,1,1,0,46648.88,0
257385,e3413f87-e3ca-4211-b9c6-9b3761120d59,Rios,869,Spain,Male,90,4,28058.95,1,1,1,115537.61,1
202751,03ad2822-a75a-450c-bbff-752e4fd0ab21,Hall,818,Germany,Female,41,7,141423.48,2,0,0,118444.07,0
405815,4f8a5cff-973b-47d9-a850-4bea6d5eea77,Jimenez,835,Germany,Male,33,2,55353.1,2,1,1,111564.2,0
309028,f9333bbd-b278-4b1f-83a7-49bf53ef59a5,Mcneil,416,Spain,Male,83,4,189777.62,3,1,0,75550.18,1
839894,beaf6228-3a44-482c-9988-21f65f0a07f8,Simmons,347,Spain,Male,50,10,170898.68,3,0,1,127954.27,0
578476,0074eecb-db34-47ad-a7ae-54ca73261075,Jones,697,France,Female,47,3,178791.48,1,0,1,50396.23,1
632237,830eb7d8-bbbf-48d2-ab44-937b428c5196,Wang,567,France,Female,91,1,74808.22,4,1,0,115365.38,1
780825,b98fa75d-b4c4-4559-931c-bc134fb5bdbe,Harris,303,Spain,Male,39,9,45824.08,4,0,0,121936.01,0
586615,e14aa1dc-f272-4a76-a887-da00e3fd6e75,Galloway,811,Spain,Male,73,4,142744.26,1,1,1,3823.44,1
789139,b961a6c1-c720-40f7-ab8b-6d6188ac9957,Doyle,563,Germany,Female,95,2,196212.67,4,0,0,18193.85,0
188170,fd249b6a-96ae-4e49-8489-53e296051cfb,Stewart,365,France,Male,74,2,150204.6,3,0,1,47933.24,1
970441,9279ed24-d8bb-4c6a-9830-012383cd32a9,Carter,518,France,Female,40,4,70754.05,2,1,1,70610.94,1
976624,d57a315e-5d94-443c-9fc7-72269b355c12,Rice,596,Spain,Male,54,5,237433.2,3,1,1,36658.22,1
670742,c11f6795-31fe-4be3-8867-81c8ff7ffed0,Harper,698,France,Male,19,1,145732.89,3,0,1,170325.7,0
246181,c95b7fc7-307c-4a9c-8440-32278d80d8ed,Miller,672,Germany,Female,18,5,187636.46,1,0,0,179577.17,0
647577,fbaafe6b-2539-4006-9fd6-eadf30787ba7,Martin,813,Germany,Male,66,8,77861.14,4,0,1,93468.06,1
604047,2a95b06a-dc2d-4388-8c5c-d3e81e689736,Hunt,644,Germany,Female,21,2,193414.44,4,1,0,52145.9,1
947270,1fee8347-3177-431d-8204-f24a43e954cc,Mendez,741,Spain,Male,33,9,39055.22,3,0,0,84866.48,0
681528,e2acb4ae-e919-4d16-b2c5-cb7e92606a10,Wade,645,France,Female,26,9,206590.77,3,0,1,68691.01,0
805980,d22e48b4-6b45-498f-b24e-0984957e2d81,Miller,557,France,Male,57,1,173568.22,1,0,0,86061.0,1
738558,d17e686f-2838-4ddf-ab80-a0081d9c4c84,Lee,724,Spain,Female,41,1,238521.81,1,1,1,82501.52,1
154399,5397838f-0579-49a5-a419-a28685ea2372,Kennedy,663,France,Male,87,2,122426.78,4,1,1,93333.39,1
835917,9ec3da12-65eb-4637-9da5-5b2e2edf625d,Erickson,862,France,Male,74,2,33511.35,4,0,1,29167.92,0
30641,44cec7d9-5cf7-40cc-833c-9216e02da03b,Estes,394,Spain,Male,19,8,76496.45,1,1,0,64468.96,1
838971,daa3db84-9f9c-4ad9-be8c-e825c2e2c58b,Young,491,Spain,Male,92,9,199577.73,2,0,1,23953.34,1
657234,be08ddfc-4475-4037-8670-611076e14a9b,Brady,415,Spain,Female,70,5,104366.89,2,0,1,190023.68,1
408205,78b935a9-3aab-4142-af2d-a8cfe351a6f7,Branch,585,Spain,Female,62,0,106194.66,2,0,1,99073.07,0
635593,6289f3b7-cda2-4b5d-b8ea-4d990a0d658b,Tran,566,Spain,Male,50,0,211970.93,2,1,0,183926.34,0
325501,35593417-32ca-479e-a786-9a990be838bd,Rosales,595,Germany,Male,85,8,186327.51,4,1,1,149463.74,0
935774,6f4ce5cb-01e8-479c-bdec-a8ebbdbaf728,Lowe,579,Germany,Female,37,10,69952.69,4,0,1,50698.98,1
132337,f991b715-a935-4bbc-a8b2-93b8c9c84764,Foster,808,France,Male,56,4,12029.19,2,1,0,103887.03,1
810183,3643ce26-2fe4-4b81-81c7-29dbfe6ce493,White,865,France,Female,25,3,188235.68,2,1,1,104552.01,1
544584,5e5e36f1-625e-415a-b990-f57e378758c2,Gibson,590,France,Male,24,0,220385.63,2,0,0,83500.79,0
408981,40b99b73-002a-418c-8caf-223cae7130fb,Ho,801,Spain,Female,71,4,96578.47,3,0,0,191183.69,0
677469,7620fc71-11c1-4206-a917-4753ec460883,Brown,466,Spain,Male,76,8,166985.77,4,1,1,133302.03,1
554860,ae13306f-95ea-46de-a864-56f72e1df4f1,Martinez,796,Spain,Male,42,6,24499.97,2,0,0,95420.9,1
984652,c0ab7eee-589f-48e5-bc4a-faebfa48aa78,Odonnell,430,Spain,Male,80,9,4702.68,4,0,1,72877.32,1
842039,9a6943a7-d25b-418e-83cc-cab399e8d397,Parks,470,Spain,Male,23,3,16784.16,4,1,0,108758.55,0
288206,45761e92-c2fb-4220-a106-f821ff01a8da,Tyler,611,Germany,Female,43,10,254615.75,3,1,0,73797.59,0
63142,b87d8276-274b-458d-9998-869edd2ed37a,Baird,525,Germany,Male,90,7,139451.49,1,0,0,131512.32,0
669541,f37e1501-5c5e-4a9d-9d71-0fdaa86ebdc5,Shaw,386,Spain,Male,56,7,17253.2,4,0,1,195899.53,0
738306,53aec61d-9d3b-477c-9264-05d706561ada,Carr,852,Spain,Male,74,2,53310.51,2,1,1,106391.2,1
917438,b1590d24-f9e6-4268-b268-92b97f96ee3c,Richardson,638,Germany,Male,73,9,128529.92,4,1,0,101644.12,0
471504,8867f3f9-6472-48f3-b02a-e632d7a52d5b,Williams,354,Germany,Female,62,10,107437.84,1,0,1,130246.86,1
309038,2a88b3f9-f7c0-4257-93f3-4ab7b985c115,Bates,660,France,Female,49,0,122910.08,3,1,1,74122.16,0
313240,53e5e4c6-8ab8-41c5-9760-6c9d8732054f,Porter,519,France,Female,76,1,127835.64,2,1,1,172784.71,1
493409,41437158-d495-4f9f-b4e8-c2d943405061,Bennett,822,Spain,Female,20,6,155776.21,2,1,1,880.98,0
312569,74b38338-d078-40fe-bfa8-3a590d3922e1,Myers,676,France,Female,90,6,179565.24,1,1,1,110820.22,1
576783,51b477c7-7206-4d0f-98b2-888d028c713d,Williams,344,France,Male,62,4,226588.84,4,1,0,9373.0,1
931290,fc1d1482-3798-461d-b08b-af3fe9f75c35,Sanders,370,Spain,Female,32,2,69032.58,2,0,0,71219.46,0
705179,bee770a2-0672-4a50-90b9-3be505a29c7f,Kelly,531,Spain,Male,23,3,172640.25,1,0,0,156498.12,1
978773,0f1ded2b-dff8-4f52-9998-f37897e95743,Hamilton,309,Spain,Female,64,9,22384.7,2,0,1,155099.74,1
958413,af509df2-793d-44b3-b1b5-c604f9819be0,Scott,380,Germany,Male,55,10,231802.34,1,1,0,72485.61,1
442246,c71705b0-cd30-40ff-b8a9-da9d1d4b0e82,Orr,390,Germany,Male,27,10,189985.31,4,1,0,198041.07,0
435448,d7b17b7a-78c6-4f9c-a672-077d7ca4c28c,Jimenez,554,Spain,Female,46,6,102125.66,1,1,1,26635.33,0
411467,4417af06-85d0-4f2c-80b6-0182211ee564,Davila,655,France,Male,30,7,24181.07,1,0,0,96276.26,1
428602,05e41dcd-e5ba-4d34-97cc-48542df02802,Nixon,382,Spain,Female,38,4,203487.48,2,0,0,97842.98,1
560398,3b0da7bd-f3b4-4f25-981a-f16a330386fe,Valentine,868,France,Male,36,2,34167.91,1,0,0,18467.59,1
942180,9aca28e2-a984-446b-b98d-aa0941a74707,Perez,778,Germany,Male,73,3,98335.06,1,0,0,106752.23,1
533850,817e433a-867c-4082-a0cb-60f64bbc97b8,Gardner,497,Spain,Female,52,1,55981.57,3,1,0,19067.74,0
893463,49d2faeb-4773-4610-b1f5-8ab3b2153cc0,Olson,715,France,Male,56,8,143819.61,3,1,0,190244.86,0
471148,e4797efa-4a57-41ad-a50a-489dfbb3a26b,Ramirez,868,Germany,Female,53,6,167729.88,1,1,0,41526.24,0
554206,6465386f-8d40-4cd4-9b46-a70d28e39de9,Green,592,Spain,Female,78,8,107341.06,4,0,0,36762.1,1
505567,5fdcfb82-e496-434d-a90b-1855b6c594e4,Nguyen,635,Spain,Male,92,0,174603.83,1,1,0,32120.71,1
28420,7e31513e-7967-436f-bd33-0da80a94f0a2,Massey,388,France,Male,54,6,203957.68,1,0,1,38418.15,1
135492,387bd41f-5e18-4954-b846-90b44824d291,Foley,898,Germany,Male,47,7,67474.14,4,1,0,13900.94,1
157308,6c8aba98-efef-4237-8ba4-15a00a78968e,Cortez,643,Germany,Female,37,1,244216.52,1,1,1,19248.85,0
434056,9a362ed8-5c5e-42c9-b5e5-4fa49a88d80d,Thompson,890,France,Female,61,10,198683.16,2,1,0,183381.12,1
246463,cc75460c-d75f-43a3-8c91-c5084a3ef1b4,Glover,546,Spain,Male,84,1,219175.26,1,0,0,167954.54,1
221522,0a993178-d2e5-4ee4-9780-03cfdaee91c8,Atkins,616,Germany,Male,56,9,19741.01,2,1,0,126026.01,1
776796,fb688ca4-8f7d-45d3-a4bf-e607a477ef00,Smith,456,France,Male,48,6,17968.06,4,0,0,83448.77,0
169980,8221f050-b1a3-410f-ae97-841f45592800,Ellis,718,France,Male,76,1,186716.11,4,0,0,150167.56,0
408210,b4e06ef9-78a5-425e-9426-5c6ac56e849d,Nguyen,323,Spain,Female,47,9,71623.8,3,0,1,45860.89,0
556985,7012b271-1bf8-47aa-8bf8-705dcac0cb8f,Ramirez,766,Germany,Male,50,0,140279.31,3,0,0,7380.97,0
592275,b5c27ad8-6bad-423a-9b7d-866178254b11,Smith,671,France,Male,54,0,245004.27,1,0,0,146781.13,1
688431,e489f788-2298-4eaf-9783-a4d64ccce857,Goodwin,615,Spain,Male,85,8,205758.57,2,0,1,109895.32,1
298202,d832c95e-a9ec-4195-aff4-920e43e80301,Aguirre,767,France,Male,26,6,11174.64,3,1,1,12777.36,0
140179,05286d65-939f-43a1-be65-312e6d708dbe,Landry,455,France,Female,25,4,139085.44,2,0,0,55172.03,1
947836,286e6793-5be1-446e-ae10-632144c967a9,Hood,695,Spain,Female,67,6,180625.82,4,1,1,173913.98,1
905939,8a399dc1-a9ad-41c7-b4a0-1a0d85804769,Gibson,419,Spain,Male,85,4,78637.01,3,0,1,26335.65,1
890218,f23903ac-1c34-4254-bd3f-e2b2c1f03b3b,Cooley,480,Spain,Female,79,9,199187.68,1,0,0,63939.02,1
374528,851bd374-5358-4dd9-ae81-f0eb09748cbb,Li,512,Spain,Female,42,1,78786.78,2,0,0,57977.36,1
545194,44e496c6-c93b-4361-8c3b-821a84772e63,Fischer,492,Spain,Female,46,10,28594.22,4,0,0,55095.17,1
805406,e290fdff-f64f-479e-b52b-441fc9e118d4,Stein,555,Spain,Female,89,5,68058.31,2,0,1,87951.06,0
104184,18949932-27b0-4f64-87d4-54f3b6990588,Lozano,891,Spain,Male,27,4,89285.08,3,0,1,78364.43,1
326055,5503f4de-3b83-4314-869e-9d7769155904,Walls,712,Germany,Female,61,6,93098.6,4,1,1,108376.66,0
598096,97a583ae-1df3-41db-a2f0-0662ba16cebe,Johns,628,Spain,Male,72,0,56904.98,3,1,1,75682.48,0
338820,31c25732-7ef9-4e0d-9cdc-23efcaca7b7c,Brady,322,Germany,Female,18,4,110415.04,4,1,1,23409.96,1
490053,63936a7d-684b-45a3-b57e-51ce27e6842f,Morales,334,Spain,Female,34,7,240383.32,2,1,1,108586.66,1
703168,84519d50-2e41-4020-a345-091bdce1890c,Smith,743,France,Male,45,8,162690.28,1,1,0,68006.44,0
794335,230723cf-d329-4af5-87f8-50cf21c34e34,Christensen,366,Spain,Female,37,0,59528.46,2,0,1,69895.54,0
316469,b5463ff5-b4f6-4e7b-921c-d3c8d08ef616,Hubbard,705,France,Female,81,10,204498.74,4,0,1,10841.45,0
760759,9eb7ca5e-eb94-4c1b-8874-52be4db3b896,Buck,741,France,Female,25,10,34216.29,3,0,0,126524.9,0
935152,788885c1-9cf5-4009-a661-1f577bf2db28,Todd,625,France,Male,75,6,75686.63,1,1,0,22483.75,0
402601,e295e763-d9b8-4aae-9ffc-f7adcf41844c,Robbins,679,France,Female,42,7,244658.31,3,1,1,52507.64,1
182390,19ca1628-7cf9-499a-922a-eedf3581cf56,Lara,320,Spain,Male,69,4,48409.78,3,0,0,151246.66,0
182500,cdec1fdc-3596-468a-8544-7a65bc17260f,Martinez,330,Germany,Male,57,2,92906.66,1,1,1,153418.38,1
772381,aca263a3-b42d-4c48-92c1-4678f4db95cb,Ingram,591,France,Female,81,9,31946.52,2,0,1,43103.77,1
423191,e28240de-24c5-422a-a734-be17e3c30ed8,Singh,735,Germany,Female,93,3,222901.04,1,0,1,20946.43,0
296684,1a11c15a-7602-4e6c-8be6-8fe550c41a2d,Kemp,396,Spain,Male,48,8,158168.85,1,0,1,41722.85,0
121122,cd006cae-7acf-4578-8a26-bc3c49add226,Perez,664,Germany,Male,51,0,141970.9,1,0,0,27037.34,0
77715,b86ff042-cf91-499e-ad4d-7cd0a3257278,Smith,622,France,Female,67,0,75861.47,2,1,0,198664.56,0
732420,213ff8a7-ee2a-4a0f-a3f1-185c07924bbb,Gibson,488,Spain,Female,32,1,48696.16,1,1,0,185838.76,1
380313,269fd4be-af87-4f04-b6b2-72601f65e9aa,York,539,France,Male,70,6,94319.33,1,0,1,144649.43,0
714871,498c10e9-4b16-4365-8a03-b0b4ff572e7d,Edwards,635,Spain,Female,63,6,100453.31,4,1,1,168060.89,1
208284,b204d850-f4eb-4ff0-931e-fcc23d660bee,Espinoza,564,France,Male,38,8,90154.28,3,0,0,550.7,1
192537,831b5f8b-02f8-4c16-9d1b-eb98668b1196,Johnson,322,Germany,Male,92,2,211972.89,2,0,1,168749.33,0
552275,ffc6a4bd-1002-4f58-b4a0-e74fecbb38c9,Henson,460,Spain,Male,83,2,202978.85,3,0,0,181061.53,1
101483,acbdceda-1259-4610-aea3-26fb0f5cd0f5,Kaiser,896,Spain,Male,64,7,247870.87,2,1,1,19262.02,1
968877,b2022156-659a-4096-a3df-a483743e81b7,Fleming,316,Spain,Male,42,9,10202.29,2,1,1,7246.12,0
364974,8a4621d6-7e81-4503-85e4-ad69a8553a0a,Hughes,346,Spain,Male,84,5,7144.26,1,0,1,81157.15,1
725657,8bd55a63-702d-4f19-91c7-0f2893fa3d17,Scott,308,France,Female,61,7,148496.87,1,1,1,162788.7,1
998563,ec2d5e8f-5395-4b7e-a19b-d227d7604feb,Chang,633,Spain,Female,72,1,184033.37,2,1,0,36041.78,0
828764,43014a44-f21d-43da-95f9-1106cc49c177,Trujillo,531,Germany,Female,58,6,188311.09,4,1,0,67364.89,0
193732,f83bff45-e9e6-4205-9799-02f607daf63d,Harvey,662,Germany,Female,46,5,195566.73,1,1,0,141737.14,1
258755,bbc3e001-7b5f-4735-9e24-3ddc3d49c9cb,Adams,780,Spain,Male,70,9,49367.63,1,0,1,111272.94,1
664793,af635a51-e06a-4ff4-86f2-d64b0fd8144c,Allen,459,Germany,Female,59,10,187894.92,1,0,0,196022.08,0
366264,57d5a7dd-bee3-482d-808f-da621eb16a68,Sanchez,812,France,Female,28,10,102094.09,2,1,0,106097.46,1
77249,df9e2733-ac34-49fd-84cc-34f3883f4b98,Robinson,478,Germany,Female,47,10,109709.98,3,1,1,110127.74,0
788012,0102633a-87bf-47c5-a1d4-f7b929978c09,Garcia,757,Spain,Male,42,10,119195.74,3,0,0,111489.75,0
973075,450644ac-11ee-4d3a-8dab-2672f9816b48,Silva,319,Germany,Female,93,9,254625.48,2,1,0,160723.99,1
876730,987def90-3e0e-4c2d-80fd-73d5a49e03f1,Rodriguez,668,France,Female,73,6,194018.04,3,0,1,168437.65,0
425639,44658cdc-1ddf-4e08-ba30-f9e81ca831ae,Foster,629,France,Female,80,4,170963.55,4,1,0,15714.86,0
24248,b37e327f-8632-46c8-8a3c-635ad5bc17a4,Hernandez,474,France,Male,34,6,124705.2,3,0,0,134590.23,0
205852,9976fc18-d5da-4ff5-9f69-e8cadb0979f4,Ryan,666,Spain,Male,30,5,112796.71,2,0,0,21476.09,0
448008,73daeaa7-9536-45f0-a19e-5282332aed52,Williams,890,Spain,Female,51,8,75884.8,3,0,1,197260.0,1
203797,9911586d-54d8-41e8-adb6-16cd5680ea0a,Burton,719,Spain,Female,77,1,103278.65,3,0,0,18653.35,0
305624,d745c368-d603-4b8b-9636-5042887f1f9a,Mejia,745,Spain,Male,56,8,177545.66,1,0,1,190358.74,0
58755,5b0b4530-ceba-457e-8cb5-182cfd1e11f5,Gonzales,401,Germany,Female,46,4,55812.65,2,1,1,172774.27,1
338678,2e57bc8a-317a-4d0a-bd6b-a51c795c4423,Ross,607,Germany,Male,55,3,117513.1,1,1,0,179447.49,1
410831,e351226c-b36f-42e5-9233-bd4c34fa95a1,Brown,644,France,Female,32,8,157108.52,2,0,0,102150.63,1
790073,17f26691-2a74-4742-ae42-dc6678351075,Dillon,722,Spain,Female,60,0,77681.17,2,0,0,157534.48,0
133776,50e7c4c7-b328-431b-8870-6867ff9fdbd6,Freeman,424,Germany,Male,39,5,220688.04,4,0,0,126357.57,0
599587,30ea82cc-ba5c-4485-bc20-73e8a8b4a528,Cooper,832,Germany,Female,65,1,102997.21,2,1,1,157049.94,1
827530,7db080d2-bf13-4210-a329-7b56a2724807,Austin,594,Spain,Male,64,6,67264.06,1,1,0,92543.64,1
530288,6f9fbc2b-75ff-4f77-8933-ade3f7d4fc64,Fernandez,885,France,Female,51,10,136398.61,4,0,1,182454.19,0
733048,0df3fca8-ae58-43ad-87c2-a2d994cf141f,Ball,611,Spain,Male,92,7,32246.6,3,0,0,119911.35,0
249425,3dda6582-7e98-46b8-a216-8ccd28d0705d,Walker,406,France,Male,60,3,183253.1,2,1,0,98763.2,0
80191,5a303034-7cf8-40f9-bcb6-f9e982af735b,Clark,642,Spain,Male,41,3,152071.34,3,0,1,108729.38,1
949417,dad85175-0253-4353-b7aa-3bc37168a701,Carter,470,Germany,Male,63,0,169736.12,3,1,0,141184.01,0
429982,d4636257-0ea4-4d6a-904e-43341c416d96,Reyes,680,France,Male,94,0,131991.28,4,1,1,118710.25,1
787077,671d9109-5e5b-40a6-b1d4-fc4e7ff84480,Williams,447,France,Female,46,1,37693.79,3,0,1,82531.42,1
673620,3a397507-4c81-42cd-a722-ee7f3c921c0e,Long,402,Spain,Female,35,0,134057.27,1,1,0,18142.97,1
914607,cd3cfb44-4a13-4d1c-877e-e585f59528ce,Clark,597,France,Female,40,1,69027.48,3,0,1,150863.93,1
597993,49b9252f-778a-4a7f-a7ee-a4266ecd34e2,Roberts,735,Spain,Female,59,8,196178.53,3,0,0,22310.89,0
5845,47719aa0-fb26-4369-80c3-8fd9fe133c47,Stevens,518,France,Male,79,1,229814.59,4,1,0,8533.48,1
522634,bcbd29b5-1480-4f5c-a79d-70bfa123d36e,Smith,633,France,Male,62,5,245091.4,4,0,0,128265.64,0
509657,9b858e53-e453-4141-ac78-52e4bd13f4ea,Christensen,856,Germany,Male,27,1,255781.55,2,1,0,131608.45,0
535732,48bd0396-dfaf-4cea-ba82-da1d4d3ad862,Hale,379,Spain,Female,68,10,7701.01,4,1,0,62004.55,1
269549,ddf749fb-92d6-441e-90d7-de9d478836ce,Carr,736,France,Female,72,2,35004.02,4,1,0,52172.68,1
935583,716ab8cc-e424-4711-945e-76dcb76d5046,Rocha,437,Spain,Male,73,2,46466.35,2,1,0,196848.37,0
426988,f3880dc4-24d9-437d-b6bc-2660c132f441,Newton,435,France,Female,87,8,132056.75,1,0,0,97637.93,0
713992,1866871c-53ea-456f-99e4-cd399d38d67a,Johnson,718,Germany,Male,66,6,95756.1,3,1,1,9617.12,0
654712,bf13e570-8d1a-45dc-9756-2e5a09ddbebb,Montgomery,323,Spain,Male,46,9,260643.76,1,0,1,62123.47,1
469673,dcc8895e-2424-4b66-8b0d-9828eb327da1,Pena,465,Germany,Female,50,6,223828.63,1,0,0,150753.79,1
818676,c9a67c8b-66f4-451a-bd59-5fb6e3a00dc0,Lawrence,847,Germany,Female,72,5,121714.01,2,0,0,3682.56,1
692057,1c9b8a98-09f2-401f-a35a-fee4637ee403,Love,575,France,Female,39,2,83532.98,3,1,1,37688.53,0
723396,73b800ee-7e34-488f-b879-916b0f4d7ef6,Castaneda,614,Spain,Female,52,5,259329.39,1,0,0,23115.85,1
678732,1410738b-b4ef-4daa-a4cd-07643d537940,Ramsey,441,Germany,Male,83,5,118325.61,1,1,1,124578.04,0
47428,ec98b177-6390-4780-b200-e6f476c1ac2e,Trujillo,500,Germany,Female,71,8,194245.82,4,0,0,199380.98,0
114069,97c5d1a3-b5eb-4cd2-b1af-a86bd7b71240,Wilson,593,France,Male,82,5,128587.77,4,0,0,7681.83,0
3245,752729ef-2e20-428e-8c4c-5c66b87422a2,Walter,615,Germany,Female,74,0,219619.97,1,0,0,152855.04,0
373581,c882ee3c-fcdc-44f6-87a2-7703f0ef76b0,Carpenter,645,France,Male,43,0,76095.9,4,1,0,156420.66,1
722898,6250f7db-2878-4f37-9e72-7094b55e5cf9,Davis,582,France,Female,36,4,78320.65,4,1,1,194212.8,0
771314,f78b21c1-6830-45b8-b534-0aa29b1814be,Anderson,331,Germany,Male,25,3,220573.6,4,0,0,123328.96,1
188241,fc12c811-07ae-43cc-8e36-34503c08ffbf,Webster,524,France,Male,81,4,180884.35,1,0,1,46628.0,1
204969,54e8de3b-b947-4e61-92bd-325def74f8eb,Wright,394,Spain,Female,71,2,136584.9,4,0,0,182973.84,1
498557,ab6a6376-3516-49d7-9d96-992ed7603462,Evans,538,Germany,Male,30,9,259315.59,1,1,1,171656.07,1
211079,8fbc995b-c75b-4311-a30b-f9e759c03979,Arellano,735,Spain,Male,70,0,207831.34,3,1,0,190270.37,0
469901,90613303-90f9-491e-ba93-ccb04423779b,Williams,677,France,Male,92,3,24813.38,1,0,1,192800.81,0
732664,114dac82-80dd-4b94-ac09-b0b0e00f0868,Johnson,375,Spain,Male,26,6,171944.48,4,0,1,48695.92,0
879047,946ae708-5518-48dd-aa21-fd23a74bd7b7,Mullins,561,France,Male,87,4,70260.72,1,0,0,66041.01,1
741980,6cd2085a-32c7-4ebd-a2ab-adfbe720ecba,Reeves,598,Germany,Male,87,10,59680.18,4,0,0,194617.76,0
842207,0d1e39ce-4744-4c91-917f-3f6dd3122e8b,Holmes,398,Spain,Male,80,8,107078.15,2,1,0,32577.04,0
597281,cb140e61-fd32-439c-8d6e-88b8e9461914,Jones,835,Germany,Male,92,0,103077.75,4,1,0,86123.51,0
310469,c4ff9efd-317f-4f85-acfb-50e292ff8319,Barnett,827,Germany,Female,73,2,57728.4,3,1,1,150696.93,0
207583,6d1b0229-6bff-4eee-8c3b-a507e2b7365b,Mccarthy,728,Spain,Male,27,1,35641.67,1,1,1,170370.14,1
693908,80f73409-7c5d-4c28-b6b0-fcdb1981f226,Nelson,586,Spain,Male,60,10,247656.04,3,0,1,8459.95,1
196930,19c9624a-b71c-4f64-a679-d477328f41fb,Freeman,369,Spain,Female,70,3,25569.81,3,0,0,10803.27,0
68549,aa54e587-3935-4240-902d-e325bc9a9749,Walters,762,France,Male,35,8,153785.41,3,0,0,7147.71,0
789856,94776f5a-b96d-40c9-9867-ae2c0a8d8e1c,Bryant,429,France,Female,61,0,18088.77,4,1,0,178504.59,1
348564,76a423fb-33f2-4b42-93e6-2ff718619177,Davidson,557,Germany,Female,49,4,68566.44,3,0,0,117121.74,1
60565,a4feb001-3211-47d9-93c5-5f3bae4fd237,Chavez,894,France,Female,33,3,257391.08,3,1,1,129629.31,0
961835,2d6e3a2d-0e19-4df2-aa35-b355e973ae20,Green,786,Germany,Female,26,4,51075.65,3,1,1,75858.3,0
28248,7935c70c-42ce-485c-867c-6ac9f4bf19ec,Rodriguez,345,Germany,Female,42,1,171662.81,1,0,0,155364.29,0
180869,6090f2f0-6dc0-4143-8448-e8d294b0cf63,Melendez,730,France,Male,93,1,47411.15,2,1,0,73201.81,0
742670,be3e1236-ef49-441f-ac0e-07fd907b70e6,Green,810,Spain,Female,39,2,165587.23,1,0,0,54710.32,1
316139,cc4f05dc-c2ea-426f-9086-f65be93ff41d,Ramirez,572,Germany,Male,63,3,22199.23,2,0,0,159624.44,1
256680,decbcb34-d358-4ebf-ae29-959e98a786fe,Nelson,800,Spain,Female,34,6,25015.66,2,0,1,182398.29,0
433386,b64657ce-98d4-4bea-b941-f0f1deea993d,Potter,350,France,Female,41,7,119838.35,3,1,1,137071.63,0
431203,d2be209a-8924-492f-a652-591bb43a4323,Grant,408,France,Male,55,3,148826.2,4,1,1,131767.83,1
642230,89f40ce8-5191-4647-96a4-21763dfcb6b2,James,772,Spain,Female,75,1,146958.26,2,0,0,128960.2,0
221501,329e27ee-9817-469c-8fd8-e9f45a6d8e73,Anderson,580,Spain,Male,26,2,180441.82,1,1,0,113113.41,0
99350,8b48824d-5a03-4f4b-ba68-afa544f806c1,Cline,734,Spain,Male,75,1,217558.47,4,0,0,116662.31,1
100718,a1bcc14f-8836-49d9-8be3-72a7e27a247b,Wood,345,Spain,Female,48,9,96131.62,1,0,0,166501.7,1
495436,d395774b-c6fe-481e-a8b9-50671ed18d45,Morris,422,Germany,Male,64,9,63129.85,2,1,0,112758.98,1
49870,009db82f-08ed-48ce-9035-5ce1302fd6de,Carney,640,Germany,Female,34,5,145663.24,1,1,1,28781.92,0
894262,004de20d-4730-4956-ba79-66f019b9a771,Brooks,768,France,Male,36,2,48925.81,1,0,0,16586.89,0
77571,57c428a2-9e7b-4781-9e39-038eff1837ad,Simpson,637,Germany,Male,57,0,217493.71,3,0,1,133080.88,0
272510,6240f6f0-f356-470a-af2d-b069ea36576c,Lee,462,Germany,Male,90,6,180100.74,4,1,0,170981.09,1
724977,c6b01dd4-90ff-4f48-85ca-8a7209d9802b,Roberts,773,Spain,Male,73,2,223768.94,1,0,0,29532.73,1
484202,2ced2458-1200-4e8f-97ff-d45ace03070c,Moreno,314,France,Female,28,10,59947.86,3,1,1,48377.39,1
55950,1104d72f-65ac-4eee-b432-60d347386a66,Brooks,466,France,Female,23,4,10713.74,2,0,1,53454.56,0
909608,c0425412-7255-4aaf-b972-d90df5756671,Mckee,377,France,Male,59,5,246039.92,3,1,1,34047.38,1
22584,5fd28ddb-51ff-4a26-9086-66f949f4a61b,Campbell,722,Germany,Female,90,10,254015.27,3,1,1,154076.32,0
216190,9d51c3c7-9150-48e2-a910-4b6c5e0e9a39,Hartman,494,France,Male,45,3,139280.78,3,1,1,134213.16,1
658846,6b6bb294-70d4-4e7a-a72b-94ac32562ca9,Warren,445,Germany,Female,91,6,97507.07,2,0,0,30990.05,1
766347,1a19bea5-de02-4fa8-b2e4-208f09080872,Waller,381,France,Male,61,10,2239.34,3,1,0,156745.93,1
17066,d7a58efe-c505-4889-99f6-e579838535cf,Vega,425,Germany,Male,30,2,164609.49,1,0,1,78363.8,0
807724,a044caab-be1d-40ee-be17-bba90b81bf61,Maynard,439,Germany,Female,26,2,257150.98,1,0,1,139886.43,1
621787,a9f92274-45db-4ef2-813a-4cb66efccb90,Thomas,879,Spain,Male,67,7,57849.0,1,0,1,40527.89,0
738436,404e80df-bc30-4b61-8e58-10ceffd2676f,Benson,477,Spain,Male,71,1,174973.58,2,1,1,97887.1,0
615997,ae009dd4-d4a5-4d7a-82d5-3914e290ca9f,Horton,511,Germany,Male,35,2,181471.55,3,0,0,119327.79,1
407544,a0437b6a-df7b-4fa5-bbaa-523f0d7b588c,Maldonado,580,Spain,Male,95,8,11808.99,2,0,1,60420.48,0
213076,0a36834b-378d-4118-b1a5-773230850a28,Roberson,800,France,Male,42,0,259989.37,4,0,0,75880.82,0
585022,88b9012b-45a4-4f32-8c46-0190586cec8a,Robinson,440,Germany,Female,48,1,186924.04,3,1,1,146865.96,0
480122,1b1f6a40-f0d3-490f-a132-f245bff10ef1,Smith,333,Spain,Male,77,2,214220.98,3,0,1,80878.38,1
90950,6a2cd63a-8b5b-4211-a118-613087f6990e,Brown,664,Germany,Male,52,5,135749.39,4,1,1,6106.1,1
126041,b2285a43-474b-4510-abc5-6fa87fd2b644,Baldwin,357,Germany,Male,52,6,41139.49,3,0,0,61587.92,0
398064,3d202938-4fdf-446b-b738-214239aef518,Cruz,873,Germany,Male,54,1,180712.13,4,1,0,72358.07,0
30886,1e45b6e7-2317-4254-9ec6-218b3cb85de5,Gross,519,France,Female,54,5,224976.25,3,0,0,136127.58,0
117630,0ba0ba87-fdad-4fe9-bc2a-a99e3dfcc048,Clarke,482,Germany,Female,27,1,140580.02,3,0,1,146738.53,0
198289,29d1b63d-0a23-4d0e-aff7-6563c1a438d5,Robinson,338,Germany,Male,75,5,56890.49,2,1,0,149006.58,1
811571,3d2939b7-0878-4002-85b5-e8271d1d77df,Perez,528,France,Female,21,4,108633.67,4,0,0,69249.16,1
884560,be5b5741-0ec3-4464-aa25-16dd6b76e62c,Brooks,612,France,Female,57,7,211051.45,3,1,0,54876.58,0
113054,16d1e6b6-da61-447a-987a-be1953aba417,Ashley,655,France,Female,72,0,145621.3,2,1,1,116487.68,0
441611,c7955e00-b78c-45bc-b454-655d207bf00a,Medina,329,France,Male,84,3,166853.15,3,1,0,115556.87,1
180322,62d8d990-e1cc-46b9-a2f4-75de3d8af98b,Barnett,871,France,Male,46,9,58405.59,4,1,1,50735.57,1
903504,3cb6aab1-a674-4355-b4af-2ad0a0e6d9ec,Simon,757,Spain,Male,54,6,123523.12,3,0,1,102852.37,1
780944,7e7e24f6-0637-40cc-ba94-6681a95273a1,Schroeder,794,Spain,Female,81,10,54363.4,1,1,0,98509.65,1
514034,f1836b8f-5d17-4ecd-a958-9fa3d1138e50,White,634,France,Female,71,8,98027.18,3,0,1,185355.8,1
924191,938abc6a-44bd-4b6d-9a8f-69adde0253c7,Wilson,841,Germany,Male,66,10,90548.86,3,0,1,6379.6,1
438933,409a3199-3c27-45e9-8f3d-267f9034d5df,Gibson,546,France,Male,59,4,230663.8,4,1,1,30164.96,0
464690,4ddd4a64-05cd-4702-a1a7-49da0a1cea98,Bentley,855,Spain,Female,30,2,212632.89,3,1,1,86452.0,1
96475,2555a981-2353-453b-86e5-4c2580d2cd04,Murphy,407,Germany,Male,68,7,220947.66,2,0,1,14692.23,0
964682,f5766510-a87d-4af6-aa4a-13c63964e9ea,Garcia,462,France,Female,81,7,258040.18,1,1,0,39874.56,1
983777,fd1e1e62-9d1d-4197-80e3-99ebaf0b7da0,Smith,502,Germany,Female,61,2,49263.24,4,1,1,83991.92,0
76514,77ea0d0e-1bf9-4eaf-8190-c9b491db8395,Hill,559,Spain,Female,40,5,35870.54,3,0,0,23805.6,0
915221,310ff95e-0ff4-4ca7-bc17-b7e8044b08b3,Rasmussen,793,Germany,Female,62,4,258677.3,2,1,0,79382.69,1
471229,f1e9df1d-61c8-4fbf-8d2c-c2fa6dcbbfd4,Hobbs,385,France,Female,59,4,40984.84,3,0,0,110041.38,0
700162,e5d47a41-a9fd-4521-838b-0c3fb60d3e35,Anderson,871,Spain,Male,23,5,136824.94,2,0,0,136842.17,0
551435,7618c6ff-366e-493b-9745-ae04ca794606,Mcdonald,852,France,Female,69,9,175438.27,4,0,1,109526.05,0
635198,3af3f62b-869f-4326-8d27-fd2e24d477f8,Ware,803,Germany,Male,65,1,32222.09,4,0,1,81151.42,0
200657,e5dcd11b-ab79-41d0-aa04-2c7635da6a4d,Pace,837,France,Male,81,2,240950.24,1,1,0,177885.53,0
400750,e6a0f0e3-1a67-4c5a-91bd-c63c1984998c,Duncan,583,Germany,Female,40,3,171294.54,4,0,0,194178.38,0
140181,fd12b752-26f7-45da-93c5-a898338ee90b,Flynn,336,Spain,Male,92,10,19009.51,4,1,1,148429.84,1
472789,d7ef3a1c-40e5-4236-afe3-2e88985eda90,Miller,712,Germany,Female,18,6,70524.57,1,1,1,105709.59,0
412986,4d55a6de-5ab8-48e7-b3ad-6b532901282e,Armstrong,710,France,Female,45,3,207983.82,4,1,1,46601.69,1
789360,ef824c1e-0990-4ec6-ad4e-499761b16143,Silva,705,Spain,Male,90,5,61336.92,2,0,1,106713.15,0
52920,69e9bead-7a28-487f-b9be-ad417439aae8,Casey,547,Germany,Female,21,9,29498.26,1,0,1,155344.77,1
572866,d56d55c9-599a-4ea5-b059-483bd0167cc6,Rogers,494,Germany,Female,94,6,143495.05,4,0,1,39847.61,0
44015,a26e8cf8-f91b-440a-8cba-fd6ca064fd8d,Horton,358,France,Male,47,0,195123.55,3,1,1,105405.45,0
135920,1b53327a-0905-48d4-bbce-db2e20f7ad2c,Johnson,401,Spain,Female,64,9,8518.53,2,0,0,54291.23,0
315437,dd6e71f9-cd60-4c4c-b254-dac1461af483,Gibson,875,Spain,Female,28,3,174447.95,4,0,0,104430.51,0
207062,fb32b020-c2fe-4efc-9a36-37c0f0223012,Shaffer,333,France,Male,68,4,65410.74,3,1,0,187540.43,1
634781,c9839b7a-5ff6-4ebe-b016-1a07994205fc,Rubio,714,Spain,Male,74,2,58209.68,1,0,1,3882.2,0
926848,5f0546b4-8f79-496d-aac5-82789681abf1,Moreno,607,Germany,Male,59,7,192097.19,3,1,1,61168.96,0
268561,a0a95ccc-5df2-4983-bdbb-7503857d6813,Fischer,892,Germany,Female,47,8,201166.89,2,0,1,81120.25,0
628409,30fb55df-f18b-44d2-8e64-249da26e471e,Reyes,590,France,Male,61,2,108568.59,3,1,1,37963.24,0
425004,0355270f-c0e9-4a25-91cf-6ddccc92a029,Bryant,715,Germany,Female,22,4,70932.14,2,0,0,189189.7,1
589012,da74e471-7567-40f4-8f26-bab132d27393,Montes,852,Spain,Female,34,8,74539.01,4,1,1,57184.18,1
70143,9698ad4e-a7fb-4f0f-84a4-b462b4558e25,Randall,325,Germany,Female,26,10,76614.65,3,0,1,158732.27,1
876510,e37548c7-bfd0-467e-8e13-289769dbd61c,Blake,507,Germany,Male,72,0,67971.23,3,0,0,196136.2,0
682748,9df69daa-4571-4b6e-80b2-4e2e49ee0f12,Smith,333,Germany,Male,70,5,214746.67,3,0,1,48890.26,1
597265,5884e589-5bfc-46f7-80f2-d78c638b1ff8,Owens,728,Germany,Female,60,1,104042.2,3,0,1,60409.33,1
222357,ca7635b7-6cc7-48c9-989b-802978ca08d1,Townsend,501,France,Male,63,1,62523.6,1,0,0,199918.74,0
131385,61a3a31a-4fb2-419b-99ea-84a6df068f29,Miller,508,Spain,Female,37,0,231338.88,4,0,0,147011.0,1
67096,40bb7c90-7a0c-4a6a-bf20-df9c56dd6084,Leonard,469,France,Female,43,9,193682.64,4,1,0,71138.5,0
136529,60e66e5e-fa33-4acd-b5ab-6ee1542918d4,Griffin,890,Spain,Male,35,5,168842.57,2,0,0,154794.07,0
656415,b7e5ccde-35a4-4231-91f1-c45b3f93d3b2,Lee,873,France,Male,23,0,157184.21,4,1,0,98456.39,0
464159,50dc09e6-ca93-4658-9151-b684fcff895e,Baker,556,Spain,Female,72,5,50765.58,4,1,0,120119.03,1
773552,64c1bdc5-efa7-45ea-ab4d-ca1217dad5fd,Walker,889,Spain,Female,23,6,18668.33,3,0,0,102073.2,1
405557,9f6bd0ce-d5da-479c-b5fb-9cf41bb509e0,Huerta,440,France,Female,65,4,181051.95,3,0,1,56959.89,0
851828,73615656-4924-4223-bb4d-776ee7fdcace,Harper,310,Germany,Male,48,5,204870.8,1,1,0,152600.8,0
610491,d6d4f9d7-0953-4ab1-ac41-741efcf74df8,Jones,777,Germany,Female,47,1,214209.88,3,0,0,26238.61,0
870132,2e391900-7188-4b70-a071-2ea3fd0afd00,White,881,France,Male,42,4,124325.78,1,0,0,183593.06,0
887226,7ba9f6d7-af9c-46c1-a19c-190f7438adc6,Callahan,884,Spain,Female,32,0,123938.05,4,1,0,14751.06,0
969017,d6b99f9d-9183-4e3b-9491-57d86ff64ad1,Hall,346,Spain,Male,24,1,125297.13,1,0,1,47076.87,0
55160,d998bd94-16fe-4292-b050-7e45829546b4,Davis,802,Germany,Male,22,1,174002.4,1,1,0,16482.33,1
922971,21c9e742-8a60-428c-8244-9da37b55d6a0,Johnson,784,Germany,Male,77,2,241138.09,2,1,1,23813.86,0
116855,01d6728c-94a4-467c-876f-14a70a472d9d,Mccoy,645,Germany,Female,61,1,254038.24,2,0,0,144610.02,1
905683,a5b3ad34-146a-43f4-99b2-b1f166ccb71a,Fowler,706,France,Female,50,3,182991.5,2,1,0,178873.79,0
405808,41224200-14e1-4dba-a212-b561c04e8364,Johnson,617,Germany,Male,68,2,164465.57,1,1,1,125007.83,0
378546,e425eee8-f0d5-478c-b1ff-bf6d0c3cf16c,Patel,481,Germany,Female,66,8,150689.5,4,1,0,66864.17,1
207034,5e130084-41f0-4d80-a9d8-a39daeef30f8,Odonnell,700,Germany,Female,48,10,121685.83,1,0,1,45971.64,1
998355,d6a0ccdc-ff9f-4856-8975-23a4967fc145,Gibson,470,Spain,Female,68,1,121845.1,1,1,0,11789.11,0
149571,d8078efa-9309-43f7-8bc2-49ce34d5d50d,Smith,551,Spain,Female,91,8,79273.56,2,1,1,133936.73,0
371941,8ed7a045-0155-4225-830d-bb90126a782e,Lopez,464,Spain,Female,32,5,28203.36,3,0,0,139276.52,1
188654,a2382f24-6450-48c1-be22-d7e7d4a38feb,Atkinson,629,France,Male,88,4,36974.65,4,0,0,197832.79,1
306317,b9d0e899-8aa8-4381-97a0-5db62957fce3,Boyd,405,Germany,Female,71,8,201455.56,2,0,0,189096.63,1
937405,d14ff6a7-2d9a-4968-a187-55e6fc388bd0,Taylor,612,France,Female,42,6,180059.64,1,1,1,195242.06,0
103663,dec901d5-f4a3-4a11-ab1d-4dc701608839,Price,395,Spain,Male,42,8,79245.01,3,0,1,85173.78,1
583168,6677b1c6-20f5-4862-8ec4-dd274292b7e9,Horn,716,Spain,Male,82,4,144209.53,2,0,0,18876.09,1
937540,d5d07e4b-dca3-4087-8c94-1d84934c74c5,Riley,427,Germany,Male,66,4,128251.08,4,0,1,182344.46,1
985713,4eb6ae76-85f6-4302-9b7b-c632fe28957d,Maxwell,542,Spain,Male,54,8,200760.18,2,1,1,1939.14,0
719821,8dc75a5c-dc72-417f-ab82-d983d4c59065,Smith,440,Spain,Female,88,2,145458.12,3,0,0,143758.74,1
685028,081040f1-f970-4384-9581-3c70986aaa09,Koch,704,Spain,Male,93,5,173976.15,4,0,0,126000.51,0
369945,b38ea399-aa91-457d-a80d-d840ddceb4e7,Fitzgerald,401,France,Female,19,2,39464.17,4,1,1,58770.86,1
594649,6d511e40-c7a2-46cb-93c8-0998d1d565b5,Mora,468,France,Male,73,1,95869.54,2,1,0,166398.54,1
515489,dae14d18-7207-455e-b946-c9cd4d2c2f0d,Williams,632,France,Male,32,4,111427.19,3,1,0,55666.1,1
24138,c35d003a-7a39-4988-88ed-2dad4e53c972,Rodriguez,712,Spain,Female,73,9,174818.9,4,1,0,13233.2,0
442565,07d73e64-adc5-41a9-9e5f-5778d5f19b81,Barber,328,France,Male,71,2,110728.72,1,1,1,49675.08,0
524905,2b26e3ab-4396-4e1f-990c-25a3e3a016b5,James,510,Germany,Male,24,1,112873.84,3,1,1,76425.63,0
125672,0ea42a6d-5b8f-42c5-933c-63a565fe6353,Stevens,731,Spain,Female,47,0,84801.34,3,1,1,90122.7,1
346996,0f754101-49fa-4df6-ada0-302de88d00e4,Ellis,853,Germany,Male,88,0,200420.96,2,0,1,34822.12,1
232635,04a6c911-03c8-4dc0-b1a0-90d33636081e,Robbins,865,Spain,Male,46,3,56571.86,1,0,0,29595.67,0
805451,2f2e125d-208b-4a54-8637-7ca4b37d4fe8,Skinner,495,Germany,Male,68,0,95836.51,1,1,0,84537.75,1
810980,d50d9359-0755-43c2-8b67-72fae95c5403,Coffey,362,France,Female,60,6,249920.71,3,1,0,106816.26,1
718751,b7d5d179-3c29-444a-808a-39b69de7c324,Mcgee,339,Germany,Male,95,0,11016.11,3,0,1,5783.06,0
583676,8011d7d2-d802-4a4e-9a62-12e1c441f486,Parker,748,Germany,Female,84,0,119881.34,2,0,1,159850.14,0
563190,553e296d-aa3d-42a2-972c-b8d84498a115,Dunlap,787,Germany,Female,24,9,56949.42,1,1,0,107335.97,1
661372,efcd71df-02a3-4e1c-90c9-ed98f0644e8d,Hurst,544,France,Female,88,2,250529.16,2,1,0,148012.17,0
741191,fe922813-cfab-4127-9163-843ef808c7fc,Thomas,509,Germany,Male,27,1,209303.35,1,1,1,23566.63,1
354055,04a605d5-41aa-4935-b147-b78064d8cdc2,Mullins,788,France,Female,70,7,48714.3,2,0,1,58017.52,1
547681,c4ec8b61-87bc-4e29-804a-850660d3b299,Murray,594,France,Male,32,0,48929.26,2,1,1,153135.06,0
349015,fa0ac9e3-896d-4a65-b900-d9b3c373b911,Cox,592,Germany,Female,36,0,88233.26,1,0,1,151708.2,1
905946,d23e8261-bdc8-463e-a847-e842a9f3559c,Joyce,615,France,Female,20,1,45804.5,4,1,0,183038.91,1
703881,a4932694-a7fa-445f-b094-d39393460ee4,Malone,611,France,Female,20,4,128566.94,3,1,1,161264.73,0
698201,d5f89dcc-966a-4020-8d86-296653d4bf3e,Beltran,778,Germany,Male,32,10,12748.86,1,1,1,60747.07,0
94839,294aa148-5b4e-4874-8ef4-74a4e671a03e,George,759,France,Female,91,6,9512.15,1,0,1,44922.82,0
973860,3b321706-a601-45ad-abd5-9dd6b84aa698,Wiley,821,France,Male,23,6,143803.01,1,1,0,68498.38,0
440337,d464b1ec-4468-4b72-96e0-0bfaa99df506,Graves,348,Spain,Female,20,5,38723.21,1,1,1,8947.72,1
400027,0a46418b-004b-4e59-a8f8-b57c2c51fe11,Jones,512,France,Male,90,6,89550.42,4,0,0,143641.15,1
80639,0fde1362-76e2-4ff4-a5e3-255257247b46,Cox,601,France,Male,38,7,54796.39,4,1,1,121743.8,1
99104,c3daf60c-8f74-45cf-ac57-bb7b10c4e3ef,Bishop,876,France,Male,90,1,232022.81,3,0,0,39581.94,1
177417,bf4c22c6-b0ae-43b9-83de-0e48fdd69fcb,Mitchell,883,Spain,Male,38,8,251390.7,4,0,0,173183.68,1
482739,d0be8386-a2ba-4ff7-a992-73cd327679d4,Barber,400,France,Male,86,3,196628.65,1,0,0,197044.6,1
787932,5ba02261-a51d-4bc5-bb2c-3aeebf05c6de,Santos,722,France,Female,31,9,126990.11,3,1,0,155786.4,1
726326,82373083-665a-4ae5-9c09-0ae43a3d682b,Harper,459,Spain,Female,24,3,135637.78,4,0,1,54109.73,1
213013,4bacd73c-fbf1-415d-b3fd-8310c1821162,Alvarez,750,Germany,Male,27,3,242508.11,3,1,0,58964.35,1
498548,768f53a6-1c26-4aa8-943d-006681ba1368,Hernandez,450,France,Female,44,0,61033.79,2,0,0,38691.58,0
678756,fab00e5f-cdde-4204-b0b0-dc992b3bf2b4,Gutierrez,795,Spain,Male,92,9,167799.95,1,1,1,67692.79,1
630412,7cb25de4-d15a-42f8-b169-142310098a21,West,521,Germany,Male,35,4,140400.27,1,1,1,100990.44,0
167163,38875c0e-04a5-420e-983e-3874c75de816,Brown,506,France,Male,86,1,174828.48,3,0,0,24429.87,0
247523,12d77cb5-c24b-4430-a90f-6d8e1b9bec88,Carter,866,France,Female,44,5,50659.26,3,0,0,17439.96,0
35182,3583ca66-d90b-4465-a6f3-a7a04ccf6acb,Abbott,414,France,Male,92,4,174131.93,3,0,0,69607.06,1
912409,9dee0b2d-7865-44bd-9cfb-f03dae876d63,Nelson,564,France,Female,26,7,180709.52,2,0,1,36112.75,0
483829,11efab32-be63-4b41-9ae3-aa6787bd3daf,Pruitt,780,France,Male,66,5,42134.77,1,1,1,195461.5,0
212004,38bab842-f8ca-4bb6-8c6d-daef14be1ecb,Price,465,France,Male,46,0,163238.14,1,1,0,64712.86,1
178762,67eb4fc1-650b-4dd4-ad51-5af85fd78d23,Young,676,Germany,Female,52,9,239266.5,4,0,1,61266.06,1
30524,418e8f4b-a968-460d-ac05-cf354038093d,Faulkner,684,France,Female,47,7,198955.06,3,1,0,188626.72,0
96180,74428785-646a-45c2-8adb-92559d5de129,Brown,416,Spain,Female,64,2,106802.97,4,0,1,16494.47,0
251093,fd903448-efe3-4519-a83d-d5eeff68c312,Pierce,410,Spain,Female,54,0,23948.78,4,1,1,125753.4,0
979590,f54f242f-6daa-457f-8f9c-eedfa5f37b04,Morgan,504,Germany,Female,38,10,41087.0,3,1,1,65456.0,1
548875,9ed715e4-c617-4053-be26-c0bc179c3430,Dean,444,Spain,Female,46,5,138727.34,3,1,0,129416.37,0
857515,91ee4696-b9a5-4b76-8a42-910682b41283,Alvarez,529,France,Female,45,7,137941.23,1,1,1,90800.22,0
785154,9cb9ec15-60d4-4b7d-bbf4-9069fcf57241,Jones,400,France,Female,93,4,153502.77,2,0,1,68935.19,0
83170,286ad57a-6f3d-4b97-8ecd-846a20301889,Wolfe,353,Spain,Male,45,7,71653.29,3,1,1,17427.19,1
582554,5236bde7-e7aa-4b19-87f5-7608c2b6d682,Rodriguez,529,Germany,Male,30,4,67720.38,4,0,1,885.5,1
130270,86ff485e-ea08-4f03-9e63-8b843f11c9e0,Hill,417,Spain,Male,75,6,210657.6,4,1,1,5983.8,0
849411,cc404426-a023-47c2-874d-13cd88730c8a,Hughes,316,France,Male,40,1,105431.55,1,0,0,175255.82,1
558629,8a71077f-8edf-4e07-a904-be5960442352,Newton,445,France,Female,61,9,134197.42,4,0,0,118109.56,0
51234,2c29dc59-a71c-4eb8-a7be-3fe85decd082,Adams,342,France,Male,60,8,249753.0,2,0,1,89191.28,1
993381,3dac15da-902c-42b7-8964-a359ccfeabe5,Alexander,870,Spain,Female,38,6,14813.77,3,0,1,22184.37,0
753258,78caf148-b5de-4452-899e-c03ffae04f15,Cooper,770,Germany,Female,94,9,205732.23,3,1,1,105310.19,0
852662,50733757-57c3-4047-90e1-de1c8f2ed01c,Bass,329,Spain,Male,36,1,41927.08,3,1,0,189737.34,0
463859,d532810b-7eca-4100-912e-95358e87b4c2,Berg,486,France,Male,64,5,173227.5,2,1,0,58945.38,1
975646,7308c9e9-c645-4798-ab5a-6db009063f80,Mathis,685,Germany,Male,48,6,258853.09,2,0,0,56878.55,1
64644,2aee3d3b-9483-439c-b864-75316e32dc03,Richardson,754,France,Male,19,3,240831.22,1,1,1,35237.74,0
943720,3de2181c-93a5-4c03-bb32-6046d19ca82d,Mosley,325,Spain,Female,71,4,155688.45,4,0,1,152694.31,1
918210,de4187fe-a3c4-4931-9eb7-59a58b2118e8,Smith,357,France,Male,41,3,208605.31,4,1,0,156306.64,0
135522,0b5fa259-17cd-4526-8aeb-43e51cbec3f2,Hall,879,Germany,Male,21,9,1585.91,4,0,1,35323.22,0
340780,288795bf-e3be-470d-b620-3e3c4aa23cee,Davis,426,Germany,Female,63,9,142241.44,2,1,1,109562.39,0
1091,22b8e48c-74fd-4335-9d0e-dab11a308a24,Woods,566,France,Male,32,7,101916.43,4,1,0,142342.64,0
946700,9cfea4fc-c8fe-4111-926f-4e9c7e28c25a,Hurst,734,France,Female,83,6,140225.19,2,0,1,187421.01,1
681987,a6e33c7e-afdc-481e-a0ac-8fc0f36b849e,Pittman,327,Spain,Female,94,5,243508.75,2,0,0,136866.89,0
316782,924af434-5390-4bb7-a86d-2693f8ae06c2,Lopez,705,Spain,Male,92,9,237837.97,1,0,1,47158.93,0
591753,bf58ea55-502b-4175-9d11-045ef488124f,Marshall,756,Spain,Female,70,10,188401.41,3,1,1,137389.0,0
871883,5ebcde88-e641-4f6b-b134-f31eb663e0d4,Rodriguez,421,Germany,Female,83,8,122218.91,3,0,1,3746.83,1
348650,b2596cdf-6f80-45e2-85fb-77cf8a89d072,Thompson,686,Germany,Female,31,8,45932.82,2,1,0,23062.58,0
353658,24055f2c-7921-43e0-8190-d366c9282163,Parks,821,Germany,Female,64,7,255512.69,1,0,0,127890.92,0
377659,0b93a8d5-1e1b-4a58-86fb-778a69c79d57,Burnett,775,Germany,Female,35,6,246317.51,1,1,1,152354.32,1
591418,74c19e4a-53c5-4943-b290-f46983bd5370,Allen,664,Germany,Female,74,6,137011.36,4,1,1,149729.8,1
938476,b2f16854-981f-4370-b8a6-7208abe88382,York,461,Spain,Female,83,3,206120.28,3,1,1,188467.45,0
68370,15edf00b-ecfd-4b3b-9261-1ed97abc3b89,Dickerson,702,Germany,Female,93,1,131140.66,4,1,1,84069.63,1
144681,c74825f1-240a-4c6a-93df-84556986edf4,Daniels,739,Germany,Female,25,5,203306.57,3,0,0,120991.73,1
303825,b5dbb2b3-de1d-4e99-bf5a-67e17d7d8b35,Rios,316,Germany,Female,37,5,232384.95,2,1,1,58463.74,0
300860,0c1f26b8-3145-4727-8711-dd546bfc6725,Griffin,766,Germany,Female,27,1,52243.27,1,0,0,29859.17,1
989781,84e080fc-8d78-4ed4-8eb0-25a093297ea5,Young,714,Germany,Male,53,5,123731.0,3,1,1,118874.65,0
465531,61f3c324-3d34-4435-92ae-20eaac147611,Hill,824,Spain,Female,24,7,215077.66,1,0,1,55240.34,0
470603,bc58183f-12e8-40c4-83e1-b27f00fba342,Walker,684,France,Male,56,7,174890.99,1,0,0,84075.65,0
23881,d8ee0f7a-ee2f-41df-8ad2-4709d153530d,Silva,798,Spain,Male,31,8,63550.83,2,1,0,133847.51,0
769745,f05c9853-05b5-4829-aead-fbbe2820b17e,Jimenez,404,Germany,Female,89,6,219212.76,3,1,0,63757.08,0
337821,532a55b6-a83c-4136-9444-c4bb08d7cfbe,Johnson,811,France,Male,51,4,1686.31,1,1,1,172982.0,1
406935,e68bffac-efe7-444f-86c9-26fbee2ce376,Peterson,734,Spain,Male,27,1,38693.58,2,1,1,145534.69,1
488068,db83ff5e-94d6-4953-8d96-98d2063c5e30,Martin,346,Germany,Male,70,5,151201.19,2,1,0,9765.88,1
896928,08745291-3867-4e80-a197-8ffec184975a,Moore,304,Spain,Female,18,9,231599.99,1,0,1,93275.97,0
636661,a3471e07-21a5-454c-8fca-76727c763ad2,Walter,706,Germany,Female,56,1,170149.79,1,1,1,100191.04,0
467416,e624efc5-65ea-4dd4-99d4-a278afe484f1,Fry,426,Germany,Male,36,6,104673.3,2,1,0,67859.14,0
264865,ad597af6-63f7-4d4c-9feb-7ddf15f56157,Deleon,589,Spain,Male,76,0,206707.48,2,0,1,130757.8,0
469146,ba96ed1a-7e47-41dc-9ca7-75afaaffbf1f,Beard,684,Spain,Female,42,3,218929.91,4,0,0,104441.44,0
3916,082573c7-e5c3-49d4-8cd0-ab9951d0f0be,Snyder,359,France,Male,66,4,42885.09,3,0,0,3782.83,0
40617,edd86ee4-3d61-4192-9e0b-ec61b7222285,Contreras,635,France,Female,31,7,61105.99,2,0,1,50009.6,0
928727,720a09ce-05bc-444d-8f4e-a3058e8fc190,Roy,515,France,Female,30,9,74528.77,2,0,0,42163.77,1
711706,801d0d42-7afd-4d35-85d6-fba82814ed50,Hopkins,744,France,Male,70,2,105354.26,1,0,1,136382.64,0
863398,ff4cdb36-2679-4d8a-9bbc-c7121689f2cc,Sanchez,469,Spain,Male,54,10,195346.32,4,1,1,36533.65,1
75715,e51e82d8-dd23-4472-bd22-55e0a415b572,Bowers,649,Spain,Female,74,9,206564.9,1,1,0,170636.58,0
445972,0fbe9ec5-d601-477f-8c37-6f280f716522,Jones,391,Spain,Male,47,6,129150.49,2,1,0,66762.35,0
638987,8ed5daa9-df50-4f1c-9f14-3c9164c0ddb5,Myers,630,France,Male,18,2,161948.47,2,0,1,80513.13,0
509549,b2e2832e-2f89-4b65-ae34-281b0fe6c01e,Lewis,890,France,Male,76,3,198394.76,3,0,0,77450.75,0
989467,ba255460-e8e3-4592-b6ce-758b18f24c44,Carroll,850,France,Male,91,8,92984.37,1,0,0,137804.64,1
255547,c5df31be-75d2-48c2-b809-4d8f68d7e9a6,Dominguez,425,France,Female,36,3,119051.15,1,1,0,136087.7,1
814961,4025989d-fc62-4fc8-85a8-6574e2774d1f,Hill,404,France,Female,37,3,76855.58,3,1,0,122474.06,0
772049,fbdd0a8e-6746-452b-b626-351a5b6cd985,Lopez,845,Germany,Female,34,6,237629.65,3,0,0,198416.85,1
844134,aff94008-fc0c-4494-9214-1a067efd80e7,Gilbert,572,Germany,Male,41,4,101148.89,2,1,0,45492.51,1
761853,5b4deea0-9597-4640-8bfa-869f4e3f800b,Andersen,638,Germany,Female,31,2,63345.83,1,1,1,183133.2,0
54370,7a6dd015-f120-4667-a409-1378eb9d7cbd,Rodriguez,866,France,Female,34,9,244332.28,4,0,0,83459.06,0
19264,62f33801-8272-447c-aead-2a8674239b07,Stephens,900,Spain,Female,94,10,140009.04,3,0,1,180175.78,1
759314,87b5a6c1-f1b3-4829-ba7d-a8ea1449226d,Larsen,445,Spain,Male,34,1,161673.99,3,1,0,168701.95,1
920807,268a6967-e822-4f92-bc1d-594d65f8cada,Perry,827,France,Male,26,4,140368.22,2,0,0,197404.6,1
832781,f9895730-5e3e-43b8-9efa-734e508034f5,Campbell,853,Spain,Female,74,10,58063.48,4,0,0,144395.97,1
206545,de04a547-b136-43bd-9364-77ddeebe5170,Crawford,515,France,Male,38,2,106117.84,1,0,0,157676.6,0
44627,6cd381cc-2038-4f15-85c9-5685a69b46e0,Gonzales,670,France,Male,25,7,76196.65,1,1,1,51470.83,0
182274,cbb129cc-4773-4cf6-a83f-9a3a13caa2a7,Martin,865,France,Female,88,2,232966.01,3,1,0,167065.19,1
723030,f672f0b2-121f-4590-b5c4-8d1c13dbee70,Bowman,876,Germany,Female,41,7,83134.84,2,0,0,39435.53,1
375856,54dbb514-1cf5-4e59-8c76-2fd5718754f2,Nelson,508,Germany,Male,41,6,81089.36,2,0,1,48031.62,1
40256,0e60aaba-0355-40ee-84ff-a23fa193625a,Leon,320,France,Male,47,4,46556.23,2,1,1,44736.2,0
635312,764d5115-32a0-4b25-9350-57f5c0b49260,Garcia,861,Spain,Female,70,5,130653.5,1,1,1,190199.97,1
91897,cf898c50-e5be-49f0-be3e-f0f7c48f5248,Martinez,835,Germany,Male,71,4,142582.95,4,1,0,157513.74,1
974985,3527bf4e-cce3-4290-88fe-8a4d9416ca8b,Lopez,440,France,Male,40,6,174583.11,4,0,0,190321.0,0
532649,01109015-332b-43e7-b078-ebf210219d9a,Reed,894,France,Male,40,2,103130.35,4,1,0,106622.3,1
918204,39482927-6081-4fd8-8501-c4054c00d35f,Davis,494,France,Female,38,8,256043.81,4,1,0,179009.68,1
271227,86396126-c208-4157-af75-478e0581ae12,Chapman,422,Germany,Male,90,7,170163.14,2,1,1,17626.66,1
364161,f1714897-4763-4498-94f2-709b137d945f,Payne,581,Germany,Male,41,8,115313.83,2,0,0,42835.19,1
587949,a3642291-4126-4753-99b2-090a075076fd,Rodgers,311,Germany,Female,67,8,119760.8,3,1,1,191573.51,0
46789,ae5e1302-5b15-47f0-9a27-616a720b0c22,Shields,802,Spain,Female,41,10,177127.17,2,1,0,2454.73,1
884278,3fa2f552-40f2-4552-a11d-bd1af162c02e,Thomas,367,France,Male,48,5,193317.31,1,1,1,134328.49,0
391998,c8a02f0f-20c0-4852-ae9a-0247f78e942b,Carter,510,Spain,Male,27,9,182266.43,1,1,1,128986.62,0
502232,8d7c68ad-64f2-41f3-bb60-e202ff58c2d4,Velasquez,432,France,Male,48,0,40119.41,4,0,1,145625.0,1
608527,7ac7465a-af98-48e9-9c20-b34bd806ff31,Holloway,887,Spain,Male,63,5,159704.47,3,0,0,144869.24,1
194353,21d1694b-d5e6-4c1e-9538-7e4a55382be6,Reese,749,Spain,Male,93,3,234114.56,4,1,0,22648.76,0
773322,06fbbb2a-d71a-4ee6-b68f-123c1202e86a,Sherman,695,Germany,Female,48,1,224716.63,4,0,1,25161.29,1
91388,5fe030d8-0a5f-4caf-8a45-8b8121a94ab6,Mejia,824,Spain,Male,26,10,6244.63,4,1,1,127484.09,0
19667,06111625-04da-4229-98e9-0af72a622eb9,Page,899,Germany,Male,27,2,233716.67,1,1,1,17786.62,0
878693,e8f030e3-f5e4-43a9-a9db-1f01fbd10f07,Sandoval,623,Germany,Female,33,3,119960.03,4,1,0,129708.38,1
839553,ac7f0413-a8b5-4b62-95c0-322df0b08409,Flores,319,Spain,Female,81,9,82076.94,4,1,0,68686.92,1
825050,5f4cad88-8354-4fd9-ab80-55de1cd08481,Rojas,449,France,Male,40,1,97315.33,3,0,1,133349.19,0
500801,17ec1da3-50c1-4f14-8630-9195e27d4566,Burns,530,Spain,Male,40,0,76441.35,3,1,0,64701.29,1
766838,fb2044ff-d754-47a1-9e24-0a4d91511aa6,Alexander,868,Germany,Female,65,10,121382.11,3,1,0,13716.75,0
179090,a26ebdb9-a908-4ec5-8458-029147f1ed15,Miller,682,France,Male,88,2,122108.97,4,1,1,184672.89,1
571018,fd55bd2b-b0fd-4cc9-9657-e4160aff956e,Davis,596,Spain,Male,20,0,93947.93,3,0,1,181862.7,0
673799,9cc2210d-9da1-408a-adaa-4f2321cd0d8a,Johnson,396,Spain,Female,47,3,205346.82,1,1,0,180355.56,1
6398,c5a46a9e-9510-45e9-b013-9ff60122cb48,Harvey,517,France,Male,64,10,64599.76,1,1,0,55824.63,1
767928,1eb4153c-168b-4bd3-8719-b6b4211397e5,Mcdonald,766,Spain,Female,73,8,108127.69,1,1,0,185366.67,1
330122,ffbff7fe-b2c9-4bc1-85b9-bb84dd6bfaa4,Simon,475,Germany,Male,50,5,179342.96,2,1,0,138073.35,1
787699,8238551c-0caf-4899-829a-8faed9c3c5cb,Mullins,399,Spain,Male,19,8,56180.91,1,1,1,77246.37,0
792279,b8f991b3-2154-4e3d-a5fa-3bbb1ad8a337,Singleton,662,Spain,Male,68,5,36867.8,4,1,1,178321.02,1
77736,8d6eb4f6-b5ff-41b7-b5e0-08adc5b18b42,Cruz,379,France,Female,36,5,58392.89,3,1,0,60676.39,1
571753,40663330-64c2-4521-9f69-3398570c9a72,Deleon,317,Spain,Female,40,1,253497.86,2,1,0,10502.52,1
417384,2054d106-79d3-456b-b615-c94c02be9f5a,Brown,405,Spain,Male,54,0,150910.13,2,1,1,54394.95,0
2200,41ba1c4c-9a53-40e3-99a4-ac4b7405c65b,Vaughan,462,Germany,Male,28,10,97726.83,2,0,1,93785.49,1
483330,97ed602e-eb31-4a11-a028-fd1df056e0f4,Stout,530,Germany,Female,45,1,115261.09,2,1,1,102724.94,1
503103,f14f60fd-5ac0-4e96-8887-48ce1c0822a8,Scott,849,Germany,Male,78,9,188435.46,2,0,1,146997.61,0
776109,97c40be3-dc1c-4cf2-b1bf-53d388c0ab76,Harris,644,Germany,Male,29,4,134634.92,3,1,0,196166.83,0
254411,d852c089-1b7f-446c-855a-047b897889ef,Robinson,893,Germany,Female,45,1,57725.02,4,0,0,127596.11,1
836201,270c62df-ef38-4496-9c6d-d925c324242d,Hernandez,440,Germany,Male,40,6,228996.58,3,0,1,105500.04,1
304888,e383a9a0-a392-4dea-b805-e6121bc0ec99,White,430,Germany,Male,95,2,175886.1,4,1,1,192531.42,0
151361,ba3f5887-7b16-4c4f-abb9-3730b7e7bf34,Adams,596,France,Female,43,9,72230.62,3,0,1,38559.44,1
606589,81ffd768-7a93-4a74-8d2d-161075d80440,Brooks,849,Germany,Female,93,8,208281.14,1,1,1,73410.34,1
704956,c70d3ebb-7d82-45c0-9633-f1ba0cb0eec8,Tyler,793,Spain,Female,65,1,239535.5,2,0,1,126112.59,0
847460,a2fb3129-d080-4663-a7ec-9f48c1e4d7ee,Sanchez,463,France,Male,20,2,138562.56,1,0,0,49696.73,0
147538,a9b56ca7-aaf1-4d13-bb89-03c76cd6ddc3,Bradley,789,Germany,Male,33,5,45667.15,2,1,0,25456.6,0
628610,27ab51db-4ff3-4107-9f4f-ffbbca7c7f5d,Morrison,666,France,Male,37,2,136391.41,4,1,1,18431.51,0
812842,698595fa-2837-4619-bc66-8b7923994602,Nelson,463,Spain,Male,80,1,178923.48,4,0,1,69722.89,1
113282,2d8d8352-6403-4b99-a040-2751a215239c,Smith,467,Germany,Male,92,5,24428.38,1,1,1,144741.56,0
338947,30257a56-393a-4932-aa03-2c4d241c17ff,Gutierrez,810,Germany,Female,86,8,38990.81,3,0,0,155618.88,1
333029,657a357d-3a31-408b-a55e-37b1ae18075c,Robinson,558,Germany,Male,69,7,15469.64,1,1,1,38084.67,0
374134,c3d40c93-1834-4068-a6ad-77866e67b745,Hill,317,Spain,Female,41,6,104839.42,3,0,1,15834.75,0
830721,eb083170-34ba-49e9-a509-21241331bd7c,Vega,493,Germany,Male,56,3,31439.89,1,1,1,44472.23,1
787585,8e64a05f-69e0-46f6-a33f-1c186a76441f,Perez,743,Germany,Male,52,3,235295.53,1,1,0,138510.64,1
160476,4d058939-4fdb-4060-a51c-c4121890b810,Morgan,322,France,Male,49,6,28786.66,4,0,1,129987.43,0
935603,4c42ed0b-ceff-4849-b3d4-9bed55e080c1,Dorsey,570,France,Male,85,6,33189.59,4,1,1,24884.9,0
696662,d5146981-cf65-41cd-9173-007517a5de46,Thompson,432,France,Female,95,6,136507.14,3,1,1,98603.3,0
70517,96b7f403-c7ae-463d-ab51-6d4940b81d32,Bailey,820,France,Female,72,1,65541.83,2,0,1,161829.06,0
123105,1510efbe-e338-43ab-85c5-41d7af9b0964,Ingram,594,Spain,Male,53,6,76125.77,1,0,0,101627.29,1
919813,edd0c71e-85cc-4e8c-9efc-9bd7605781d0,Myers,687,France,Female,92,10,118030.26,3,1,0,23087.15,0
676956,e94d7b8e-de21-4701-aa78-3035453bab0c,Robinson,312,France,Female,81,5,171754.35,1,0,0,129815.18,1
226336,4300a63a-0604-4637-a515-c081e5f66a53,Ramirez,871,France,Female,84,9,118838.61,4,1,0,140598.29,1
652165,16af9d8d-c641-4d07-a946-16b9955f66e5,Kane,386,Germany,Male,82,0,6562.44,1,0,1,83830.0,0
100369,e9cfe15b-ef68-45e1-8cef-2189460c52c3,Brown,575,France,Female,33,0,82543.53,2,1,0,91085.2,1
89966,70134e59-3e13-4848-9ad5-8aea7be21d90,Carter,337,Germany,Male,25,4,18685.43,3,1,1,94405.99,1
231159,a57e7f7a-785f-45e2-8948-4cc49b62c47e,Gibson,484,Germany,Male,38,9,78905.5,4,1,1,148962.14,1
356637,12271737-8743-408c-876b-e839df15f0bf,Edwards,703,Germany,Female,49,9,34616.77,1,0,0,198367.67,1
631649,5e7d615a-ef50-4c09-9e74-356a7bd08800,Hernandez,708,Germany,Female,91,3,8168.88,2,1,1,25838.04,0
454517,71008a5a-49d8-4235-8e8b-798f99223559,Patterson,302,Spain,Female,65,5,230671.31,3,0,1,35368.57,0
122061,87e264f7-7980-4684-bf94-c097b0f2f5ec,Manning,444,Spain,Female,53,5,86164.7,3,0,0,92375.06,0
184905,392c8d3e-d2b9-4061-9cdb-ced2a4f2c027,Ballard,358,Spain,Male,43,8,181566.08,2,1,0,75819.93,0
919482,3b783165-aa41-4b26-ac3f-834dd5332782,Miller,743,Germany,Male,52,7,112582.99,1,0,0,97846.56,1
418656,d7ff13d0-87de-4e25-a028-a443b451d072,Walton,855,France,Female,42,6,12019.9,4,0,0,94519.27,0
970657,ccbd6a87-0b46-4a1b-a8ee-4e15b34d32a0,Atkinson,626,Germany,Male,25,4,7503.38,2,0,1,173902.03,0
825832,69b9137e-6e3b-4dc5-95ad-6ca0ec974f4e,Gonzalez,309,Germany,Male,78,6,6291.8,3,1,1,104161.04,1
464374,f1d82141-2f7c-4af7-9551-2ad4cbc47172,Ward,785,Spain,Male,64,1,87573.35,4,0,1,44058.04,0
694537,eefe0e9f-9692-424f-848b-d7353111e2ea,Evans,826,Spain,Female,81,3,104186.04,3,0,0,57063.53,1
461675,c89a9aa6-4f95-42c7-8f73-eca5b08fd8a4,Evans,437,France,Female,90,6,31895.07,4,0,1,76348.68,0
620128,b49c1125-4225-4045-b3c9-fab21cd4b56b,Hernandez,516,Spain,Male,81,6,74831.14,1,0,0,190891.13,1
815995,d03d4be2-8eea-4f49-a012-eb16006ff36f,Green,552,France,Male,29,6,73384.1,2,1,0,165237.12,1
375585,1ed8d447-93b6-4a72-b5c9-b86972a6b0c8,Velazquez,854,Germany,Female,48,2,65606.5,1,0,0,67034.16,0
436383,5a0dea4c-6630-4b4a-958a-6fb488498857,Baldwin,334,Germany,Female,82,6,162879.6,1,0,1,166639.65,0
897406,9bbe8333-0fe2-4e54-9ef0-0fb02c222ae1,Harris,706,Spain,Female,27,5,58894.41,2,0,1,99649.21,1
769181,2ffe4385-f2ef-4aba-9089-319f74fd860e,Chapman,406,Germany,Male,43,8,222790.24,2,1,0,63490.51,0
546493,efc45d22-fd57-4491-85b3-43028355170b,Lopez,567,France,Male,59,7,37261.63,2,1,0,60429.78,0
351977,131c8780-6339-4ea1-b093-19834dbf7d21,Dennis,782,Spain,Female,71,10,260406.17,4,0,1,134186.97,0
779665,d6f61ba0-03d0-476e-8f3f-bf4fa7f6ce66,Stevens,388,France,Male,69,1,44433.27,2,1,1,2327.15,1
448219,9ab1e9b3-7182-4799-be6e-95b6a071aece,Hobbs,688,Germany,Male,22,6,26907.7,4,0,0,162662.81,1
139233,90e063af-94d4-41ec-a562-66a9d99d7e9c,Simpson,798,Spain,Male,26,0,234880.37,1,0,1,150560.28,0
42607,29e41e27-caaf-40f1-bdf8-d7c5743761e7,Cross,598,France,Male,49,10,146544.88,2,1,1,54706.32,1
573737,d4942e71-3ba6-4472-8bf1-a6c4d951ffa6,Love,425,France,Male,76,10,50147.63,1,0,1,13016.73,1
831198,f08dee7f-9a68-41fd-9e08-d58c4bdf2202,Hill,520,Spain,Female,68,2,132611.21,4,1,1,85423.37,1
577119,f80d635f-8f33-44ab-ad53-7e9e78d2ae52,Brown,900,Germany,Male,78,7,4620.27,4,1,1,174490.35,0
252103,7caf36b9-d9e2-4aaa-ab35-9264e20c6b70,Young,841,France,Male,27,4,171454.37,4,0,1,189550.08,0
179962,87f8fcdb-77dc-4596-907b-a54da962b23c,Smith,759,Germany,Male,41,4,252375.66,1,1,0,28323.71,0
833589,3c10f8fe-3876-496f-bfbf-f613bb32e957,Martinez,831,Spain,Male,28,4,197825.68,1,0,1,171222.76,0
973173,151d3aba-b1a9-4a74-941c-233186c39311,Larson,881,France,Male,95,7,50034.83,1,1,1,111205.64,1
19696,b8e38384-084d-4dbe-9f04-2065d3a1849e,Stone,838,Germany,Male,53,6,47374.3,2,1,0,121764.75,1
885082,3ca540d6-a425-412a-99c8-43b7a7cf498c,Diaz,320,Spain,Female,86,6,157.18,2,0,0,76434.88,0
472639,3beaf771-a8e0-4101-a839-d358a025fae6,Solomon,783,France,Female,60,7,144876.4,3,1,0,166415.38,0
234324,0e175d5c-927d-4539-b64a-1cc2bdba6716,Rodriguez,488,Germany,Male,39,10,137371.28,1,1,0,678.31,0
928617,5b4a1af9-4146-49df-987c-4482f83030cf,Turner,565,Spain,Male,64,6,249368.36,3,0,1,4800.77,1
670441,0e095bd6-35e8-41cb-a1ac-1d10288aa873,Olson,590,Germany,Female,62,4,211669.17,2,1,0,113521.39,1
905520,866525d2-f3cb-4032-ba68-c5944b346684,Thompson,645,Germany,Female,86,7,58265.95,1,0,0,117574.47,0
300318,fdeff547-871d-48ce-b5df-1d7b1aa5f9c5,Allen,470,Spain,Male,43,4,257846.68,3,0,0,79703.87,1
801436,8daa225c-c3a1-496e-aeee-5a7dbb54ef69,Jenkins,436,France,Male,54,3,38496.91,1,0,1,194431.0,0
897932,1c806cd9-9144-4aec-a7e8-157c71391720,Taylor,479,France,Male,86,1,53733.31,2,0,0,103805.02,1
770256,6a01b5b0-5488-4ff2-9147-7adc8c3f1546,Moore,549,France,Male,72,7,86976.56,3,0,0,73078.69,1
622221,fa0929fb-cc04-42d7-b640-1444c57dc17f,Pena,449,France,Female,59,4,68305.01,4,0,0,85735.91,1
646844,c60dea06-c474-4298-919a-c88eda66520f,Thompson,755,Spain,Male,67,4,80333.86,2,1,0,125620.33,0
457586,31c5412f-a801-4390-9087-0d5a2a3beddd,Delgado,682,France,Female,88,7,82677.72,1,0,0,110734.38,0
159916,f6569fe1-a704-4d09-a0a2-1736264d8b9e,Schmidt,379,Germany,Male,63,1,202447.47,3,1,1,71557.87,0
638614,6a5a6c6c-55f3-4cb2-a746-890cbf4fcd80,Perez,539,Spain,Male,20,2,18759.07,4,1,1,114428.26,0
172706,431c8a2c-5f9f-492b-b696-98a838678b96,Larsen,637,France,Female,26,1,152052.21,2,0,1,17923.05,0
807651,38bd9c41-c290-49c2-aba5-34de4b4b30e7,Thompson,790,France,Female,57,5,167787.22,2,0,1,50001.89,1
413345,60721843-c940-494f-b3f8-442079f51d7f,Mckinney,530,Germany,Female,62,8,96385.74,1,1,0,192681.8,0
807428,51aec725-17ed-4211-8d9b-3d84e50ec130,Clark,716,France,Male,49,9,203115.21,1,1,0,191056.81,1
126594,3b9987ea-9cb2-4376-9f42-197d47afa552,Henderson,631,France,Female,83,10,13532.83,3,1,1,77201.24,0
104960,24c4aab1-f7d3-4288-a512-0a0ddb04b62c,Weber,472,Spain,Male,64,2,129101.61,4,1,1,80498.94,0
27645,543e5205-ba1d-443c-bede-b49e65716c77,Jones,543,Spain,Male,19,1,29385.75,2,1,0,148430.53,1
400539,b5ac9036-4e77-4149-9382-1a444c50e3da,Johnson,371,Germany,Male,27,5,102065.08,4,0,0,133821.67,0
444877,3dca9059-a127-40a9-ab44-e64b61e28cec,Gaines,737,Germany,Female,91,4,81857.75,1,0,0,198251.83,1
577106,bc14114a-2bc5-4ce3-b103-2af26db7864d,Gonzalez,643,Spain,Male,76,4,70766.65,2,0,1,98602.54,1
37611,92e3678a-48d5-4495-9042-04ab85a86aa5,Cook,538,Spain,Female,40,5,12608.74,3,0,1,115044.19,1
672374,8b27f612-05e9-4197-b414-fa0b12de73a8,Aguirre,888,Germany,Male,82,10,121045.25,4,1,1,193871.28,1
541874,a9d1b18c-8198-4da2-8a49-03414ba8fda7,Ward,393,Germany,Male,54,1,120618.26,3,0,0,150548.48,1
773658,2bdc197b-72b7-42c8-84bf-f655ca2cf9f8,Sharp,547,France,Female,69,4,8002.05,3,0,0,13313.71,1
321592,58d20696-d4cd-4bce-9219-29b8636c8b03,Wright,894,Spain,Female,49,8,190269.46,3,1,1,166350.66,1
690997,665b0fc7-1a72-4f28-9016-13f53b42549f,Diaz,430,Germany,Female,78,7,187258.94,3,1,0,73344.46,0
309373,d859a5b7-1cf7-4148-b218-6b0290bd3da8,Gordon,550,France,Male,88,9,17685.17,4,1,1,126452.35,0
502843,f38d3dfa-6f2d-428f-a4c1-20be0ef53f9d,Sanders,437,France,Male,27,3,109907.98,3,0,0,16044.43,0
371021,719ad412-c3db-442b-b718-c5d6bd85e0ac,Stevens,835,France,Female,18,10,250118.46,3,0,0,98817.79,1
801032,b6acf1b1-cf3d-4fe4-a2fd-c2e8fc63e63e,Wagner,708,France,Female,65,0,201475.4,2,0,0,23351.08,1
15158,148ad289-2ef3-43e2-98c9-3e96fd113b39,Moody,544,Germany,Male,79,1,228997.12,2,0,0,111181.3,1
620971,09a28749-93db-4998-9945-8b22675d8763,Wilson,642,Spain,Male,45,2,199137.24,4,1,1,80367.84,1
67888,1f292d3a-aa30-4dce-a985-155ed3718fed,Daniels,715,Germany,Male,48,0,41419.88,1,0,1,21073.56,1
290524,a0a4d8ef-0065-4eeb-8f7b-735a188c10a3,Mcbride,395,France,Male,52,0,28276.55,1,0,1,107459.25,0
704001,4e20f68b-454f-4b9e-a1c7-4a296afc2a5e,Smith,415,France,Male,88,10,199710.21,4,1,0,183858.55,1
806923,5dfb3ec3-3edb-43d4-8d1d-3c26eceea100,Clark,507,Spain,Male,94,6,57806.78,2,0,0,160464.16,0
725063,959d4d8d-4d92-4730-96d3-8654215ac400,Henderson,653,France,Male,50,2,43971.06,2,0,0,147960.42,1
92376,3bd9d393-9898-4928-9fb0-af7d2eab15f9,Hall,604,France,Female,82,5,234707.04,2,0,0,80085.5,1
150198,3afffef2-cc54-45f1-ba68-44a873568445,Lee,838,Germany,Female,54,0,128167.64,2,1,1,56494.25,0
777624,779c400f-8cf5-4803-b9a6-ad23b0562a9b,Smith,593,Spain,Male,92,3,3922.96,4,0,0,13027.75,0
748932,2e7c619a-3edd-4455-ae2a-2dbe13ce9697,Love,516,France,Female,79,6,145728.67,2,1,1,184394.93,1
860754,49305f94-a8a5-47d3-a276-97e78ee6abfe,Baker,753,Spain,Male,54,0,81767.4,3,1,0,64478.19,0
622465,44b15b47-87fd-4448-9c4e-4d0f2aba19bb,Jones,878,France,Female,87,7,227103.48,2,1,1,87966.9,1
600656,7c0ac152-ffbf-4366-bde5-6eb1ab5709b2,Reyes,887,France,Female,55,5,173096.98,2,1,1,170691.15,1
113375,56a8f4b9-00c3-4f7f-b7cb-a85ddc99ffac,Johnson,775,Germany,Male,74,5,2709.01,3,0,1,73556.82,0
15830,61e0d9bf-6f40-4fd8-9ce0-e7aa440fca43,Jones,634,Germany,Male,75,2,172550.45,2,1,1,172768.29,1
535817,4dee16af-c1cf-411d-94a5-8e1702b31cfa,Cowan,712,France,Female,22,3,75572.61,1,1,0,3651.94,1
901739,b7cde70f-b771-422f-be81-cf38634bc365,Glover,772,France,Female,36,2,240248.52,4,1,0,90768.44,1
511766,13b9725d-50a4-4f05-a973-447e982650f2,Kelly,591,Spain,Female,92,9,137151.93,1,1,1,122097.13,0
923671,2c71de92-dffd-4808-8441-517333e8d3fd,Rivera,654,Spain,Male,52,5,129941.59,3,1,0,122716.27,0
857635,dab57a66-fb0c-4a1c-b749-f43a9f0e192c,Brown,710,Spain,Female,95,3,72561.1,2,0,1,180765.85,0
369424,ad5f88d7-ea6d-4f6d-9a8a-c925ec4d80a9,Williamson,523,France,Female,60,9,5182.4,3,0,0,114141.69,1
162952,66e8573c-0f22-47ff-adbc-ff93c19f25bf,Martin,516,France,Male,72,10,77020.25,3,0,1,116980.87,0
358212,2be183e8-44f3-4a05-b251-52e28f9c7859,Johnson,654,Spain,Female,53,6,96864.73,3,0,1,150815.14,1
876679,7a286bb9-f8fa-4468-8ee1-b91b2c84f459,Powell,566,France,Female,61,5,258142.11,1,0,0,181120.67,1
621285,15c284b5-b48c-4e44-96a8-f4f5b7c0aef5,Rose,541,Germany,Female,69,2,15396.51,3,0,1,604.94,1
888854,62bf92f3-ec27-4a5f-970b-426ded759832,Mann,827,Spain,Female,68,6,10484.44,3,1,1,136920.74,1
895065,4a3d82ec-6465-40b4-96dd-e845dd7ab1a1,Cabrera,348,France,Female,86,6,112246.36,3,1,0,194005.83,0
384713,0b3f7212-43a6-4163-9ae2-6bbee4be7bd0,Rogers,764,Germany,Male,29,7,110335.49,1,1,1,66833.74,0
737450,7d08e650-957f-4865-b866-2cad688dc20b,Burns,753,Spain,Male,35,6,17852.69,4,0,1,172998.24,1
335647,9b7a6142-a5fc-45a3-918d-e060f4ad49db,Parker,594,France,Male,26,7,113399.54,1,1,0,194765.8,1
447820,2d2a6671-1eaa-4c4c-adf6-32d2322aabab,Long,564,Spain,Female,60,0,110060.33,3,0,1,71487.57,0
405808,12b219de-31c8-4927-ba93-7a7454e85991,Hill,617,Germany,Female,30,10,62232.54,4,1,1,70935.34,0
544556,0a63b9e4-a20f-4495-b5af-d8ce652a2d24,Harvey,677,France,Male,55,9,740.51,1,0,0,122215.99,0
326425,5a970ca9-62e5-4aaa-a15e-515130e2c02b,James,854,France,Male,37,6,225561.15,1,0,1,14421.36,0
685238,d0829ba4-9ae4-4407-b5ed-d533cacbf110,Phelps,459,Germany,Female,75,5,249202.02,3,1,1,63208.81,0
797661,e41db759-7c27-4622-a983-5468bd8e99b7,Hernandez,699,France,Male,61,3,171907.34,2,1,0,5793.2,1
81951,1b9063d6-50ad-4d08-bcf6-a990ab83b1c4,Flores,388,Germany,Male,33,9,136676.99,4,0,0,67639.12,0
37509,94d41708-ba82-4065-bbdd-583c1e430593,Meza,426,France,Female,43,9,226028.65,1,1,0,156077.99,0
566051,fe98381f-bf0d-44fc-9f28-8791a01d874f,George,688,Germany,Female,19,7,195087.64,2,0,0,144112.8,0
394929,11044b77-eb05-4c92-bbf3-0ba667f38c36,Cain,706,France,Male,18,0,96831.69,1,0,1,83741.99,0
311923,37b64acc-96ee-40f4-907f-0e7d13eefd2f,Carpenter,823,Germany,Female,39,7,125722.67,1,1,1,116472.2,0
909698,2f90324e-b608-4c10-ae58-af4811934330,Johnson,530,France,Female,76,0,185619.99,2,0,1,108343.47,1
670605,6b5a8172-7910-4249-927a-1aa55372ea6e,Webster,597,Spain,Female,38,7,169151.37,4,1,1,144931.64,1
849022,37bb4775-9c4b-4241-8bad-5dee01dfe791,Matthews,440,Germany,Female,35,4,13102.32,2,0,1,36133.98,1
958519,a38af717-295e-4ece-92d3-ef99ab366dda,Wright,358,Spain,Male,38,9,76387.18,1,0,0,146963.96,0
535204,6bb8b5c2-4e39-4ad0-9d00-d8178454ebbb,Sullivan,617,Germany,Female,92,3,193399.56,3,0,0,128314.82,1
442351,c7a77e4d-fe82-41c6-a0ab-b9f1e2e4a760,Jones,588,France,Female,91,1,142068.37,2,0,0,26865.97,0
488254,1e47fc78-2ae0-4928-8cb0-e37fa2e28614,Baker,659,Germany,Female,58,3,186850.57,1,0,0,149660.46,1
152268,4b3afb28-3a05-47e2-a075-b93b10e52871,Curry,443,Germany,Male,59,10,218800.38,3,0,1,309.93,0
73413,035202e1-5f01-41e9-9331-bc2ccadf6a38,Howard,354,Spain,Female,44,9,240402.15,3,1,0,124907.99,0
258700,70c5031b-77de-4f8f-a755-02bac1f92abc,Smith,846,Spain,Male,93,6,73612.96,1,0,1,190729.98,1
917758,36261856-34f8-400c-8d5d-ff74e845589d,Reyes,702,Germany,Male,72,2,146227.66,3,0,0,135301.7,0
813312,2033fc04-2b44-4826-98b2-3814d4f3033c,Burch,704,Germany,Male,51,8,1566.81,4,0,1,33061.62,0
641412,a5123b33-c49e-4513-aaa4-23f6f618b3c4,Deleon,860,Spain,Female,86,5,133724.81,4,1,1,48632.03,0
73537,a0deca4c-67ac-4519-9a81-48f7a7ca1dd1,Thomas,786,France,Female,71,2,172678.75,4,0,1,46272.72,1
866899,017ca77b-e2ad-4133-81c7-b7cad54a147d,Schmidt,392,Spain,Male,22,4,98750.45,2,0,1,34844.24,1
678087,c4b96d7c-2a75-4f39-8d70-ca9fa89102e8,Phillips,371,Spain,Female,58,8,213657.9,1,0,0,159830.48,1
674000,6570b786-dde5-4a23-bf84-d7cdce3a2585,Lopez,368,Spain,Female,47,8,51714.92,1,0,1,74103.29,1
513459,b91f3149-62db-4667-86df-ced319afdc16,Clark,679,Spain,Male,78,0,112600.22,3,0,0,131978.64,1
666750,88c9030b-3941-4b65-9cfe-a4c538a6dbb0,Walter,376,Germany,Female,63,10,242017.97,3,0,1,10837.41,0
681715,0a2d4727-8367-4dd3-9f6a-6bf75770d900,Clark,841,Spain,Male,70,1,243500.09,1,1,1,103544.06,0
318535,8043285a-c636-4263-9312-e988662e900e,Decker,781,Spain,Female,93,8,48717.28,4,1,1,53226.78,1
429637,6f3ad135-809f-40b0-ac93-63c5f3ea967e,Choi,399,France,Female,69,2,127382.8,3,0,0,121701.16,1
949342,64a963ee-8fbf-42ff-91e4-a1407a04acc5,Meyer,727,Germany,Female,30,5,41213.47,3,1,0,14210.99,1
63746,299e66dd-a501-4ce1-bd51-b5434dfb40e6,Singleton,549,Germany,Female,29,10,108403.64,4,0,0,18847.26,0
781900,ff86cb9e-4bd2-4e8b-8018-cef7cb1589a6,Holt,849,Germany,Female,88,6,163304.94,2,0,1,4830.54,1
331187,d41f7b5c-204b-4499-b631-7ca913941b50,Bennett,325,Germany,Female,68,8,181386.82,2,1,1,137411.78,0
587730,7c03ce33-f0e3-4289-b001-88ec87182b08,Dixon,702,Germany,Male,45,9,185891.8,1,0,1,94037.5,0
360594,5af5073e-8e9c-477d-983f-2dc5a390c52d,Tyler,649,Spain,Female,64,6,53756.44,3,1,1,120741.53,0
927169,8b7c8506-9f4a-4a07-aa21-49a708f0ca00,Rivers,573,France,Male,58,5,190170.5,2,1,0,199482.94,0
248006,3ffe4d2f-1608-4050-b8f3-1bff59c39a72,Guzman,565,France,Male,73,4,198636.22,3,1,0,194775.51,1
119446,1926864d-c4cb-4561-b4a5-50f2585612df,Lawrence,878,France,Male,66,1,68873.5,4,0,0,64759.72,0
622714,b41deed9-edd3-4e03-a123-c4dd4cb3d635,Hall,779,Spain,Female,73,2,87703.75,2,0,1,179248.53,0
53141,fd67facd-a2f1-45b5-bae9-956b89302ba8,Carlson,588,France,Male,52,10,165244.78,3,1,0,139513.99,0
560629,c7541e8a-25dd-4848-a0f1-b58807590424,Bryant,416,France,Female,23,10,45221.59,3,1,0,144300.54,1
847068,dd3403d4-fe51-491f-88b1-d2e62325e3c0,Henson,723,Spain,Male,21,6,101745.57,2,1,1,153827.49,0
637434,da62c6a9-0e79-4984-b6a5-3baf115e4425,Petty,836,Germany,Male,88,3,55988.13,1,0,1,47641.36,0
732636,848e6040-04cf-4ada-b9c1-e7a2987261a0,Jackson,814,France,Male,93,2,105850.68,3,1,0,119592.56,1
409273,e4f93553-3d1d-4ab6-9fb7-a48cdf04d33d,Moore,442,France,Female,24,9,159531.45,1,0,1,180121.65,0
561232,a0c7f8b4-b7b0-498a-b13d-283d81556c51,Taylor,586,Spain,Female,49,6,253967.01,4,1,1,185296.93,1
36817,79b433c8-f1e4-4940-be4f-dc73da4a69e8,George,547,Germany,Female,18,9,197787.56,4,0,1,28737.64,1
93630,731cf6a9-6cba-4e9f-9726-ed646206e61f,Reilly,640,Germany,Female,71,0,208651.39,2,0,1,115242.25,1
209144,965fe94c-d349-4b8e-aa37-99e8a1cc825c,Weaver,884,Germany,Male,83,5,140113.16,4,0,0,52540.52,0
352104,f867b9fe-618c-42da-91e7-794463d54124,Rodriguez,760,Germany,Male,40,6,112150.43,4,1,1,93489.41,1
890134,a86f3b77-ae5d-46e8-9d0c-f8d5721d32ae,Miller,797,Germany,Male,71,3,256089.99,3,1,0,31977.1,1
496760,a7393503-a41f-41f9-9112-36dd34f3630a,Haynes,434,Germany,Female,89,3,79252.31,1,1,1,103756.8,1
174222,e33bae06-a751-43f0-96e4-4dea3326c56c,Hill,799,France,Female,65,0,145197.05,1,0,1,183667.97,0
454373,460cdd88-4d9f-4ecb-9155-172c54f9d1c5,Blake,818,Spain,Male,71,6,81121.36,3,1,0,41850.9,0
478776,c3e7fd39-115e-4c3f-a22d-7da81140f70f,Cortez,475,Germany,Male,18,1,93201.08,2,1,1,33452.94,1
919296,ce433710-68f5-435d-8345-d5ecaa88d9ff,Payne,333,Spain,Female,25,0,149305.56,2,0,1,8849.1,0
872534,a0ecee34-f422-4c3b-81d0-463676c4c059,Lambert,565,France,Female,64,5,257083.55,4,1,1,111505.94,0
771668,6117f113-281a-4680-bc7f-8738fae82da9,Parker,897,France,Male,18,9,258002.37,3,1,0,165050.5,0
124726,856ed6b1-bc83-4663-b70d-c7494cd38d88,Brown,889,Germany,Female,50,6,29965.73,2,0,0,159751.58,0
344992,ae72d068-5896-47d7-9522-81a6b749f14c,Hutchinson,573,Germany,Female,44,2,204.28,4,1,1,32961.19,1
643400,b7916ec4-833e-45af-902e-157d8229838c,Larsen,660,Spain,Female,37,6,105552.45,2,0,1,120567.97,1
858818,a732c040-7d03-4cca-a079-a1d2ac638f67,Ellis,808,Germany,Male,32,9,146821.27,3,0,1,55856.3,1
431754,89b46643-c324-41e1-bba8-901744ce9d5c,Chan,666,Germany,Female,63,10,82509.12,4,1,0,137800.23,0
